channel,snr_db,mode,psnr_mean,psnr_std,psnr_p10,psnr_p05,ssim_mean,ssim_std,ssim_p10,ssim_p05,latent_cosine_mean,latent_cosine_std,latent_cosine_p10,latent_cosine_p05,latent_cka_mean,latent_cka_std,latent_cka_p10,latent_cka_p05
awgn,0,baseline,17.728342056274414,0.5979306697845459,16.990257263183594,16.72369956970215,0.2670551836490631,0.03701986372470856,0.22273075580596924,0.20972482860088348,0.9997311234474182,2.611431773402728e-05,0.9996973276138306,0.9996819496154785,0.9327119588851929,0.03345867991447449,0.8908358216285706,0.8617749810218811
awgn,0,tokenizer_cond,16.905614852905273,0.5278193950653076,16.297245025634766,16.100521087646484,0.23548176884651184,0.03759819641709328,0.1908700168132782,0.1802154928445816,0.9996761679649353,2.2782965970691293e-05,0.999647319316864,0.9996341466903687,0.9123086333274841,0.044703610241413116,0.852203905582428,0.8254152536392212
awgn,0,diffusion_no_token,16.903825759887695,0.5180563926696777,16.317081451416016,16.12604331970215,0.23535096645355225,0.037825413048267365,0.19068367779254913,0.17902123928070068,0.9996758699417114,2.2632153559243307e-05,0.9996466636657715,0.9996346235275269,0.9087800979614258,0.04371793568134308,0.8510674238204956,0.8289162516593933
awgn,0,diffusion_token,22.39333724975586,1.1972758769989014,20.8477840423584,20.32795524597168,0.5684289932250977,0.05045637860894203,0.504034698009491,0.4831341803073883,0.9999142289161682,2.4135511921485886e-05,0.9998831748962402,0.9998708963394165,0.6798635721206665,0.11265107244253159,0.5325331687927246,0.5062667727470398
awgn,3,baseline,18.13727378845215,0.6468698382377625,17.340900421142578,17.106101989746094,0.2847557067871094,0.04075336456298828,0.23571208119392395,0.22390614449977875,0.9997439384460449,2.298175786563661e-05,0.9997150897979736,0.999701976776123,0.9287556409835815,0.03745170310139656,0.8870872259140015,0.8572409152984619
awgn,3,tokenizer_cond,17.150096893310547,0.562666118144989,16.515228271484375,16.320148468017578,0.24550989270210266,0.04042141139507294,0.1970708817243576,0.1858154833316803,0.9996829032897949,2.1618479877361096e-05,0.9996557235717773,0.999643862247467,0.9057353734970093,0.04998327046632767,0.8290076851844788,0.8054441809654236
awgn,3,diffusion_no_token,17.15087890625,0.5602458715438843,16.51783561706543,16.328109741210938,0.2452654093503952,0.040640901774168015,0.19681300222873688,0.18371881544589996,0.9996827840805054,2.1633772121276706e-05,0.9996554851531982,0.9996438026428223,0.9055637121200562,0.04695558175444603,0.8343398571014404,0.815990686416626
awgn,3,diffusion_token,23.40463638305664,1.2942819595336914,21.742008209228516,21.136241912841797,0.6171008348464966,0.05226859822869301,0.5516687035560608,0.5252237319946289,0.9999207258224487,2.3338068785960786e-05,0.9998905658721924,0.9998778104782104,0.6721218824386597,0.11455853283405304,0.5160954594612122,0.49058037996292114
awgn,6,baseline,18.403493881225586,0.6768395900726318,17.595745086669922,17.330392837524414,0.29614758491516113,0.04401128366589546,0.244379922747612,0.22955849766731262,0.9997519254684448,2.139582284144126e-05,0.9997244477272034,0.9997134208679199,0.9272704124450684,0.0393068827688694,0.8703794479370117,0.8430742621421814
awgn,6,tokenizer_cond,17.294288635253906,0.5910142064094543,16.620338439941406,16.45386505126953,0.2514471709728241,0.04260256886482239,0.20110297203063965,0.18869571387767792,0.9996857643127441,2.1181966076255776e-05,0.9996585845947266,0.9996495246887207,0.9007803201675415,0.04833383858203888,0.8364861607551575,0.8132129907608032
awgn,6,diffusion_no_token,17.283334732055664,0.5897938013076782,16.62286376953125,16.417367935180664,0.2510368824005127,0.04256068915128708,0.20089350640773773,0.18804973363876343,0.9996859431266785,2.0800125639652833e-05,0.9996600151062012,0.9996496438980103,0.9082332849502563,0.0458415225148201,0.8502722382545471,0.8264977931976318
awgn,6,diffusion_token,24.177892684936523,1.4090077877044678,22.353944778442383,21.739871978759766,0.6522845029830933,0.055102404206991196,0.5826193690299988,0.5574694871902466,0.9999248385429382,2.27136133617023e-05,0.9998950958251953,0.9998819231987,0.6775494813919067,0.11664723604917526,0.5249946117401123,0.5005481839179993
awgn,9,baseline,18.524337768554688,0.6936392188072205,17.73147201538086,17.495208740234375,0.30075398087501526,0.04582376405596733,0.2457883656024933,0.23092733323574066,0.9997553825378418,2.0099065295653418e-05,0.9997308254241943,0.9997178316116333,0.9268531799316406,0.03487949073314667,0.8815621137619019,0.8565676808357239
awgn,9,tokenizer_cond,17.35194206237793,0.6115362644195557,16.6660099029541,16.483774185180664,0.2539388835430145,0.043656159192323685,0.20154955983161926,0.1889549195766449,0.9996874332427979,2.0742603737744503e-05,0.9996623992919922,0.9996508359909058,0.9034101963043213,0.04832082986831665,0.8319729566574097,0.8034887313842773
awgn,9,diffusion_no_token,17.354413986206055,0.6065148711204529,16.682939529418945,16.50299644470215,0.2541462182998657,0.04382801800966263,0.20295116305351257,0.18890413641929626,0.9996876120567322,2.0011402739328332e-05,0.9996626973152161,0.9996520280838013,0.9043346047401428,0.04611731320619583,0.8404299020767212,0.8148089051246643
awgn,9,diffusion_token,24.701826095581055,1.4973634481430054,22.673507690429688,22.09697914123535,0.6744750738143921,0.05621299147605896,0.6009121537208557,0.5755453109741211,0.9999271631240845,2.2213527699932456e-05,0.9998989105224609,0.9998855590820312,0.6837425231933594,0.12471818923950195,0.5276234149932861,0.4991718828678131
awgn,12,baseline,18.56494903564453,0.708551824092865,17.760671615600586,17.529882431030273,0.3012440502643585,0.04639569669961929,0.24642324447631836,0.2298559695482254,0.9997562766075134,1.9779743524850346e-05,0.9997320175170898,0.9997202754020691,0.9291909337043762,0.03460327163338661,0.8836490511894226,0.8573152422904968
awgn,12,tokenizer_cond,17.3863525390625,0.6067366003990173,16.69141960144043,16.511884689331055,0.2552463114261627,0.04427522420883179,0.20397385954856873,0.18930375576019287,0.9996880292892456,2.0115332517889328e-05,0.9996631741523743,0.9996514320373535,0.9082319140434265,0.04699752479791641,0.8399063944816589,0.8213309645652771
awgn,12,diffusion_no_token,17.388044357299805,0.6113808751106262,16.722797393798828,16.530067443847656,0.25515690445899963,0.04396228492259979,0.20404846966266632,0.18993330001831055,0.999687671661377,2.0640893126255833e-05,0.9996606707572937,0.9996504187583923,0.9034577012062073,0.0453239269554615,0.8423963189125061,0.8206645250320435
awgn,12,diffusion_token,25.046018600463867,1.5467592477798462,22.966106414794922,22.344789505004883,0.6899927854537964,0.05618749186396599,0.6181172132492065,0.5902000069618225,0.9999287724494934,2.186689198424574e-05,0.9999020099639893,0.999889075756073,0.6721030473709106,0.11136090755462646,0.5326302647590637,0.5100696682929993
awgn,15,baseline,18.55154037475586,0.695886492729187,17.770130157470703,17.560779571533203,0.3003590404987335,0.04609259217977524,0.24600717425346375,0.23063784837722778,0.9997564554214478,1.941410118888598e-05,0.9997329711914062,0.9997206926345825,0.9259480237960815,0.03451491519808769,0.880633533000946,0.8581438660621643
awgn,15,tokenizer_cond,17.39971923828125,0.6123383641242981,16.72118377685547,16.528945922851562,0.25588691234588623,0.04442167282104492,0.20375016331672668,0.19097866117954254,0.9996881484985352,2.0299265088397078e-05,0.9996631145477295,0.9996523261070251,0.9046999216079712,0.050587475299835205,0.8316801190376282,0.8103829622268677
awgn,15,diffusion_no_token,17.393295288085938,0.614061713218689,16.725574493408203,16.4991455078125,0.25567883253097534,0.044330745935440063,0.2037060707807541,0.18835340440273285,0.999687910079956,2.0657047571148723e-05,0.9996621608734131,0.9996533393859863,0.9034680724143982,0.048416975885629654,0.8419797420501709,0.8138371109962463
awgn,15,diffusion_token,25.222904205322266,1.607869029045105,23.136920928955078,22.481836318969727,0.6964205503463745,0.060697488486766815,0.614556610584259,0.589532196521759,0.9999291300773621,2.189536826335825e-05,0.9999009966850281,0.99988853931427,0.6642855405807495,0.11617276072502136,0.5134618878364563,0.4920654296875
awgn,18,baseline,18.516992568969727,0.6711366772651672,17.76422882080078,17.54555320739746,0.298598974943161,0.04581641033291817,0.2447585165500641,0.2286503165960312,0.9997562170028687,1.914111817313824e-05,0.9997331500053406,0.9997220039367676,0.9293191432952881,0.03907694295048714,0.888486385345459,0.8702035546302795
awgn,18,tokenizer_cond,17.412296295166016,0.6170533299446106,16.734262466430664,16.520431518554688,0.25601813197135925,0.0445321649312973,0.20320841670036316,0.1893923133611679,0.9996880888938904,2.002550900215283e-05,0.9996631741523743,0.9996531009674072,0.9026095271110535,0.043251994997262955,0.8425342440605164,0.8282096982002258
awgn,18,diffusion_no_token,17.41254425048828,0.6121613383293152,16.724559783935547,16.546958923339844,0.2560315430164337,0.04431259259581566,0.2036476731300354,0.19041325151920319,0.9996882677078247,2.0200113794999197e-05,0.9996636509895325,0.9996509552001953,0.9005400538444519,0.04860334098339081,0.8285439610481262,0.8120793700218201
awgn,18,diffusion_token,25.310941696166992,1.6397525072097778,23.146526336669922,22.497024536132812,0.6987430453300476,0.06138381361961365,0.6185833811759949,0.5928236842155457,0.9999295473098755,2.1731224478571676e-05,0.9999030232429504,0.9998915791511536,0.672085702419281,0.12019506841897964,0.5170837044715881,0.4952791631221771
awgn,20,baseline,18.49533462524414,0.6638662815093994,17.72801399230957,17.509017944335938,0.2975464463233948,0.04520200937986374,0.24377873539924622,0.2281440645456314,0.9997559189796448,1.9058561520068906e-05,0.9997325539588928,0.9997206926345825,0.9290252923965454,0.03812722489237785,0.879844069480896,0.8546081781387329
awgn,20,tokenizer_cond,17.409183502197266,0.6148319840431213,16.725568771362305,16.532808303833008,0.25607261061668396,0.044584009796381,0.20477989315986633,0.18840497732162476,0.9996882081031799,2.019432940869592e-05,0.9996625781059265,0.9996523857116699,0.8984590172767639,0.049126703292131424,0.8270262479782104,0.8085883259773254
awgn,20,diffusion_no_token,17.41234016418457,0.609978199005127,16.719844818115234,16.5577392578125,0.2560594975948334,0.04429241642355919,0.2028997242450714,0.1900082379579544,0.9996883869171143,2.0471639800234698e-05,0.999663770198822,0.9996517896652222,0.9026192426681519,0.05097416043281555,0.8337283730506897,0.799967885017395
awgn,20,diffusion_token,25.36136817932129,1.6488333940505981,23.180810928344727,22.502925872802734,0.7015603184700012,0.06165936961770058,0.6222536563873291,0.5931124091148376,0.999929666519165,2.2075351807870902e-05,0.9999011158943176,0.9998895525932312,0.6787319779396057,0.10863953828811646,0.5453298091888428,0.504671573638916
rayleigh,0,baseline,16.42131233215332,2.0658581256866455,13.54139518737793,12.229679107666016,0.24263855814933777,0.05165212228894234,0.1794641613960266,0.1431627720594406,0.9997405409812927,2.814082836266607e-05,0.9997055530548096,0.999687910079956,0.9158459305763245,0.04169057682156563,0.8606832027435303,0.8322045803070068
rayleigh,0,tokenizer_cond,16.221996307373047,1.5153518915176392,14.621698379516602,12.812357902526855,0.20495136082172394,0.048690490424633026,0.14397375285625458,0.10713864862918854,0.9996793270111084,2.878561099350918e-05,0.9996446371078491,0.9996210336685181,0.8889696598052979,0.050508927553892136,0.8196642994880676,0.7890539169311523
rayleigh,0,diffusion_no_token,16.19116973876953,1.5088751316070557,14.470876693725586,12.559758186340332,0.20355917513370514,0.047728195786476135,0.14664003252983093,0.10775846242904663,0.999678909778595,2.8877813747385517e-05,0.9996415376663208,0.999625027179718,0.8931640386581421,0.05304578319191933,0.8147917985916138,0.7926598191261292
rayleigh,0,diffusion_token,20.88401222229004,2.922908067703247,16.933944702148438,14.200702667236328,0.5722020268440247,0.08451934158802032,0.4650557041168213,0.4147559702396393,0.9999149441719055,2.7841757400892675e-05,0.9998795390129089,0.9998626708984375,0.6236744523048401,0.11223041266202927,0.4903668463230133,0.4642690420150757
rayleigh,3,baseline,17.289676666259766,1.6749017238616943,15.429211616516113,13.96794605255127,0.26395273208618164,0.05011696740984917,0.2061063051223755,0.17947238683700562,0.9997462630271912,2.541738831496332e-05,0.9997129440307617,0.9996973276138306,0.9237344861030579,0.03774695843458176,0.8740946054458618,0.8519688248634338
rayleigh,3,tokenizer_cond,16.63730239868164,1.3245731592178345,15.653105735778809,14.084983825683594,0.2184814214706421,0.04744669795036316,0.165204256772995,0.14151233434677124,0.9996840953826904,2.7123483960167505e-05,0.9996507167816162,0.9996328353881836,0.8956405520439148,0.052056629210710526,0.8172792792320251,0.7975353002548218
rayleigh,3,diffusion_no_token,16.702022552490234,1.1687631607055664,15.725004196166992,14.726359367370605,0.22026382386684418,0.045849308371543884,0.16668210923671722,0.14933465421199799,0.99968421459198,2.508752186258789e-05,0.9996532201766968,0.9996362924575806,0.8995039463043213,0.04473702609539032,0.8425903916358948,0.8009005784988403
rayleigh,3,diffusion_token,22.183164596557617,2.5908138751983643,19.368837356567383,17.107648849487305,0.6072525978088379,0.0788915753364563,0.5134406685829163,0.4714406430721283,0.9999201893806458,2.607100577733945e-05,0.9998885989189148,0.9998687505722046,0.6422305107116699,0.11634799093008041,0.507218599319458,0.47225168347358704
rayleigh,6,baseline,17.869232177734375,1.3034310340881348,16.587230682373047,15.650861740112305,0.2787359654903412,0.04770505800843239,0.222105473279953,0.20395615696907043,0.9997511506080627,2.3136333766160533e-05,0.999721884727478,0.9997090101242065,0.9282904863357544,0.03459705412387848,0.8806453943252563,0.8579186201095581
rayleigh,6,tokenizer_cond,16.93792724609375,1.0654312372207642,16.150651931762695,15.71696949005127,0.2296566218137741,0.04522450640797615,0.17975355684757233,0.16192904114723206,0.9996868968009949,2.3764443540130742e-05,0.9996561408042908,0.9996428489685059,0.8968302607536316,0.05310817435383797,0.8182165622711182,0.7906802296638489
rayleigh,6,diffusion_no_token,16.95234489440918,1.0011236667633057,16.171676635742188,15.65898609161377,0.2296152412891388,0.04423370584845543,0.17921683192253113,0.16166403889656067,0.9996868371963501,2.2995351173449308e-05,0.9996578693389893,0.9996461868286133,0.8998974561691284,0.05166319012641907,0.8284769058227539,0.7970157861709595
rayleigh,6,diffusion_token,23.169340133666992,2.367501974105835,20.726245880126953,19.191492080688477,0.6320133209228516,0.07506339251995087,0.5408499836921692,0.500275731086731,0.9999235272407532,2.481428782630246e-05,0.9998944401741028,0.9998793601989746,0.6554854512214661,0.1195577010512352,0.5025973916053772,0.4743994176387787
rayleigh,9,baseline,18.193265914916992,1.1749922037124634,17.256399154663086,16.57470703125,0.2873142957687378,0.0482453815639019,0.2284841537475586,0.21248601377010345,0.9997539520263672,2.2268846805673093e-05,0.9997267127037048,0.9997127056121826,0.9225391149520874,0.03856530413031578,0.8701228499412537,0.8535642623901367
rayleigh,9,tokenizer_cond,17.10309410095215,0.8439146280288696,16.388769149780273,16.079345703125,0.23598909378051758,0.04338446632027626,0.18719960749149323,0.17253665626049042,0.999687910079956,2.2314172383630648e-05,0.9996609091758728,0.9996493458747864,0.895758330821991,0.050151243805885315,0.8311114311218262,0.8047768473625183
rayleigh,9,diffusion_no_token,17.10057830810547,0.875806450843811,16.39028549194336,16.073379516601562,0.23623260855674744,0.04390380159020424,0.1850612610578537,0.16803574562072754,0.999687910079956,2.2501690182252787e-05,0.9996602535247803,0.9996474981307983,0.8982967734336853,0.04836057499051094,0.8311441540718079,0.801613450050354
rayleigh,9,diffusion_token,23.880252838134766,2.1862499713897705,21.750198364257812,20.666719436645508,0.6530991792678833,0.0733477920293808,0.5648738741874695,0.5285878777503967,0.999925434589386,2.3861119188950397e-05,0.9998970031738281,0.9998809695243835,0.6491615176200867,0.11077378690242767,0.5222889184951782,0.4834757149219513
rayleigh,12,baseline,18.373512268066406,0.9267345070838928,17.47260093688965,17.12808609008789,0.2914755940437317,0.04654764011502266,0.23692917823791504,0.22105209529399872,0.9997557401657104,2.1038067643530667e-05,0.9997299909591675,0.9997171759605408,0.9261227250099182,0.0382150337100029,0.8727249503135681,0.8535512685775757
rayleigh,12,tokenizer_cond,17.229469299316406,0.6988722085952759,16.521121978759766,16.294187545776367,0.24212318658828735,0.04171033576130867,0.19170495867729187,0.1782459020614624,0.9996882677078247,2.1078545614727773e-05,0.9996625185012817,0.9996508359909058,0.8988786935806274,0.05181410163640976,0.832241952419281,0.8003966808319092
rayleigh,12,diffusion_no_token,17.21432876586914,0.7349136471748352,16.509130477905273,16.273792266845703,0.24128521978855133,0.04235028475522995,0.19223813712596893,0.1782066971063614,0.9996883869171143,2.2115587853477336e-05,0.9996607303619385,0.9996498823165894,0.9021866321563721,0.0436592660844326,0.8425002694129944,0.8128010034561157
rayleigh,12,diffusion_token,24.46446990966797,1.9299737215042114,22.24504852294922,21.45665740966797,0.6711359024047852,0.06832930445671082,0.5865333080291748,0.5557332634925842,0.999927282333374,2.2535483367391862e-05,0.9999001026153564,0.999884307384491,0.6345333456993103,0.1227196678519249,0.49383848905563354,0.4354372024536133
rayleigh,15,baseline,18.40340805053711,0.8471463322639465,17.565710067749023,17.198379516601562,0.29246363043785095,0.0459233894944191,0.23752278089523315,0.22187262773513794,0.9997556209564209,1.982842877623625e-05,0.9997310042381287,0.9997191429138184,0.9268181324005127,0.0383283793926239,0.8725613355636597,0.8463920950889587
rayleigh,15,tokenizer_cond,17.28119468688965,0.6692936420440674,16.61544418334961,16.387115478515625,0.2462378889322281,0.04316790774464607,0.19502060115337372,0.1819486916065216,0.9996885061264038,2.0881752789136954e-05,0.9996621608734131,0.9996519088745117,0.8997141718864441,0.05095279961824417,0.8374013304710388,0.7997717261314392
rayleigh,15,diffusion_no_token,17.295310974121094,0.6559606194496155,16.601776123046875,16.35979652404785,0.24678733944892883,0.04340817406773567,0.19557398557662964,0.18181832134723663,0.9996888041496277,2.04129028134048e-05,0.9996631145477295,0.9996520280838013,0.9002634882926941,0.047208212316036224,0.8347181677818298,0.8136536478996277
rayleigh,15,diffusion_token,24.807315826416016,1.833260416984558,22.5687255859375,21.762319564819336,0.6819780468940735,0.06630238145589828,0.5975499153137207,0.5622595548629761,0.9999282956123352,2.2452592020272277e-05,0.99989914894104,0.9998857975006104,0.6606586575508118,0.1226779893040657,0.5123180150985718,0.4804370701313019
rayleigh,18,baseline,18.4169921875,0.7906842827796936,17.63431739807129,17.347129821777344,0.2932257354259491,0.0458240732550621,0.23869450390338898,0.22454719245433807,0.9997556805610657,1.975400300580077e-05,0.9997312426567078,0.999719500541687,0.9262529015541077,0.037971772253513336,0.8758684396743774,0.8502330183982849
rayleigh,18,tokenizer_cond,17.331876754760742,0.6492079496383667,16.67498016357422,16.48642349243164,0.249372661113739,0.04306232929229736,0.1988494098186493,0.1858551949262619,0.9996887445449829,2.0412115190993063e-05,0.9996635317802429,0.9996511936187744,0.9034016728401184,0.04691287875175476,0.8422878384590149,0.8061613440513611
rayleigh,18,diffusion_no_token,17.328100204467773,0.6627124547958374,16.633270263671875,16.436859130859375,0.24946925044059753,0.04350695013999939,0.19743375480175018,0.18499942123889923,0.9996883273124695,2.0549088731058873e-05,0.9996638298034668,0.9996515512466431,0.9021559953689575,0.04588199034333229,0.8347073197364807,0.8157662153244019
rayleigh,18,diffusion_token,25.064958572387695,1.7749242782592773,22.914188385009766,22.14496612548828,0.6916936635971069,0.06408395618200302,0.6105668544769287,0.5777835249900818,0.9999290704727173,2.191625753766857e-05,0.9999017715454102,0.9998895525932312,0.6607065796852112,0.12329757958650589,0.5039255023002625,0.4774376153945923
rayleigh,20,baseline,18.4355525970459,0.7267768979072571,17.668289184570312,17.417003631591797,0.2936997711658478,0.04398287087678909,0.24126029014587402,0.2280948907136917,0.9997557997703552,1.948568933585193e-05,0.9997323155403137,0.9997211694717407,0.9248306155204773,0.041239071637392044,0.8674488067626953,0.8476731181144714
rayleigh,20,tokenizer_cond,17.351593017578125,0.6495689153671265,16.668712615966797,16.49693489074707,0.25117287039756775,0.04363665729761124,0.19989614188671112,0.1868712306022644,0.9996883869171143,2.0779662008862942e-05,0.9996630549430847,0.9996512532234192,0.902169406414032,0.04822255298495293,0.8405908942222595,0.8075166940689087
rayleigh,20,diffusion_no_token,17.347949981689453,0.6126865148544312,16.676538467407227,16.46870231628418,0.25117745995521545,0.043333955109119415,0.20041827857494354,0.18597030639648438,0.9996881484985352,2.0320094336057082e-05,0.9996623992919922,0.9996523857116699,0.9023789763450623,0.045525360852479935,0.8398450016975403,0.8139265179634094
rayleigh,20,diffusion_token,25.180498123168945,1.6952508687973022,22.915851593017578,22.379831314086914,0.6947088837623596,0.06265269219875336,0.6117156147956848,0.586763322353363,0.9999292492866516,2.183507604058832e-05,0.999901533126831,0.999889612197876,0.6470628976821899,0.11783573031425476,0.5008711814880371,0.4725472927093506
rician,0,baseline,17.36655616760254,0.8998412489891052,16.290307998657227,15.87568187713623,0.26277536153793335,0.03796572610735893,0.21539415419101715,0.20408926904201508,0.9997468590736389,2.3605021851835772e-05,0.9997174143791199,0.9997044801712036,0.9200181365013123,0.03903951868414879,0.8644017577171326,0.8445476293563843
rician,0,tokenizer_cond,16.82771873474121,0.6029496788978577,16.114612579345703,15.85318660736084,0.22075609862804413,0.03767656162381172,0.17488473653793335,0.16337332129478455,0.9996859431266785,2.3629096176591702e-05,0.9996570944786072,0.9996427893638611,0.896507978439331,0.05126090720295906,0.8282018899917603,0.8097478151321411
rician,0,diffusion_no_token,16.828508377075195,0.6022286415100098,16.118192672729492,15.837063789367676,0.22101546823978424,0.03764824569225311,0.17638182640075684,0.1645422875881195,0.9996859431266785,2.3594877347932197e-05,0.9996550679206848,0.9996427893638611,0.9006053805351257,0.046185314655303955,0.8426178097724915,0.8092072010040283
rician,0,diffusion_token,22.23930549621582,1.3443363904953003,20.501541137695312,19.96516227722168,0.6009325981140137,0.06314798444509506,0.5209471583366394,0.49360817670822144,0.9999206066131592,2.4032129658735357e-05,0.9998893737792969,0.9998767375946045,0.6454824805259705,0.12183339893817902,0.5013430714607239,0.48198527097702026
rician,3,baseline,17.946645736694336,0.7880324721336365,16.994037628173828,16.70991325378418,0.2790154814720154,0.04157028719782829,0.22864146530628204,0.21442487835884094,0.999751091003418,2.2712072677677497e-05,0.9997222423553467,0.9997087717056274,0.9241834878921509,0.03992725536227226,0.8717861771583557,0.8466221690177917
rician,3,tokenizer_cond,17.045825958251953,0.6203200817108154,16.302753448486328,16.068641662597656,0.23065857589244843,0.03969307616353035,0.18301425874233246,0.1720968782901764,0.9996886253356934,2.216593020420987e-05,0.9996615648269653,0.999649167060852,0.8958202600479126,0.053856316953897476,0.8122614622116089,0.7992933392524719
rician,3,diffusion_no_token,17.040708541870117,0.611283004283905,16.327512741088867,16.084659576416016,0.23035840690135956,0.03990329056978226,0.18351693451404572,0.1707102656364441,0.999688446521759,2.170339757867623e-05,0.9996625185012817,0.9996488094329834,0.9017124176025391,0.048125848174095154,0.8400081992149353,0.8059855699539185
rician,3,diffusion_token,23.139917373657227,1.4110854864120483,21.274398803710938,20.7247371673584,0.6252695918083191,0.06291975826025009,0.5431618690490723,0.5157127380371094,0.9999234676361084,2.3242184397531673e-05,0.9998941421508789,0.9998804926872253,0.6448724865913391,0.1145012304186821,0.5035282969474792,0.4702688753604889
rician,6,baseline,18.282373428344727,0.7478756308555603,17.404029846191406,17.09840202331543,0.28947535157203674,0.0443643257021904,0.23697926104068756,0.22238346934318542,0.9997541904449463,2.1362795450841077e-05,0.9997268915176392,0.9997144937515259,0.9296330809593201,0.034322675317525864,0.8816755414009094,0.8601864576339722
rician,6,tokenizer_cond,17.159517288208008,0.6147525906562805,16.460010528564453,16.234251022338867,0.23632803559303284,0.03982822969555855,0.19007226824760437,0.1760033220052719,0.999689519405365,2.1574551283265464e-05,0.9996633529663086,0.9996492862701416,0.8997346758842468,0.04833825305104256,0.8308077454566956,0.8033962845802307
rician,6,diffusion_no_token,17.15250015258789,0.6050329804420471,16.447528839111328,16.262149810791016,0.23614269495010376,0.03965853899717331,0.18942804634571075,0.17717765271663666,0.9996893405914307,2.112835500156507e-05,0.9996625185012817,0.9996518492698669,0.8986285924911499,0.053946275264024734,0.8228673338890076,0.7876161932945251
rician,6,diffusion_token,23.863414764404297,1.4821375608444214,21.920743942260742,21.293630599975586,0.6475887894630432,0.061301339417696,0.5682458281517029,0.5392112731933594,0.9999257326126099,2.2897680537425913e-05,0.9998972415924072,0.9998822808265686,0.660278856754303,0.1208147257566452,0.5124231576919556,0.48453065752983093
rician,9,baseline,18.45612335205078,0.7415016889572144,17.598360061645508,17.31814193725586,0.29478269815444946,0.04563365504145622,0.2396998256444931,0.22587791085243225,0.9997560381889343,2.0541185222100466e-05,0.9997307658195496,0.9997185468673706,0.927996039390564,0.03638245537877083,0.8788732290267944,0.8545508980751038
rician,9,tokenizer_cond,17.237083435058594,0.6036635041236877,16.574722290039062,16.389789581298828,0.24196483194828033,0.040060389786958694,0.1952749490737915,0.1820048689842224,0.999688982963562,2.094530464091804e-05,0.9996632933616638,0.9996502995491028,0.9014418125152588,0.04941722750663757,0.8357779383659363,0.8038341403007507
rician,9,diffusion_no_token,17.23557472229004,0.5942555069923401,16.554834365844727,16.388484954833984,0.2416945844888687,0.03999313712120056,0.19354544579982758,0.18113510310649872,0.9996889233589172,2.135456816176884e-05,0.9996623992919922,0.9996506571769714,0.9025656580924988,0.04614600911736488,0.8320473432540894,0.8145154118537903
rician,9,diffusion_token,24.44171905517578,1.5294537544250488,22.423828125,21.86488914489746,0.6663501262664795,0.06034103035926819,0.5887594819068909,0.5642898678779602,0.9999274611473083,2.2206351786735468e-05,0.9998995661735535,0.9998871684074402,0.6625821590423584,0.11165223270654678,0.5170773267745972,0.48667383193969727
rician,12,baseline,18.507896423339844,0.7278197407722473,17.676803588867188,17.47825813293457,0.2966021001338959,0.04535533860325813,0.24293315410614014,0.22902610898017883,0.9997565150260925,1.988520125451032e-05,0.9997323155403137,0.99972003698349,0.9282519221305847,0.040523938834667206,0.8732060194015503,0.8419189453125
rician,12,tokenizer_cond,17.306039810180664,0.5901278257369995,16.64497947692871,16.4542179107666,0.24711991846561432,0.04078655317425728,0.1992112547159195,0.1852986216545105,0.9996887445449829,2.0373350707814097e-05,0.999663233757019,0.9996523261070251,0.9056059122085571,0.05014399439096451,0.8307639360427856,0.8079416155815125
rician,12,diffusion_no_token,17.309185028076172,0.5963065028190613,16.64461326599121,16.447526931762695,0.24739015102386475,0.041335150599479675,0.19929972290992737,0.18472954630851746,0.9996886849403381,2.0592384316842072e-05,0.9996627569198608,0.9996526837348938,0.9035285115242004,0.05121488496661186,0.836496889591217,0.8018630146980286
rician,12,diffusion_token,24.851755142211914,1.5506532192230225,22.809185028076172,22.25542640686035,0.6810781955718994,0.06088549643754959,0.6001542210578918,0.5772823691368103,0.9999284744262695,2.200867311330512e-05,0.999900221824646,0.9998881816864014,0.6604278087615967,0.11972539126873016,0.5093646049499512,0.4816473722457886
rician,15,baseline,18.503578186035156,0.7051665782928467,17.731544494628906,17.456174850463867,0.2969130277633667,0.04544377699494362,0.2429972141981125,0.227097749710083,0.9997565150260925,1.963778049685061e-05,0.9997329711914062,0.9997209310531616,0.9260173439979553,0.035429056733846664,0.8788861036300659,0.8503543138504028
rician,15,tokenizer_cond,17.35577392578125,0.5998157858848572,16.67860221862793,16.502408981323242,0.2509204149246216,0.042345717549324036,0.20116554200649261,0.187616765499115,0.9996887445449829,2.018923441937659e-05,0.999663233757019,0.9996525049209595,0.9028286337852478,0.04807973653078079,0.8363235592842102,0.8236883878707886
rician,15,diffusion_no_token,17.362878799438477,0.5968162417411804,16.690196990966797,16.53004264831543,0.25121042132377625,0.04245523363351822,0.201493039727211,0.1874188631772995,0.9996886253356934,2.036515979852993e-05,0.9996647238731384,0.9996521472930908,0.9035935401916504,0.046297136694192886,0.8388802409172058,0.8164309859275818
rician,15,diffusion_token,25.09903335571289,1.5809378623962402,23.02450180053711,22.421489715576172,0.6893606781959534,0.06047447770833969,0.6083561778068542,0.5823878049850464,0.9999290108680725,2.210033926530741e-05,0.9999011754989624,0.9998885989189148,0.6755859851837158,0.11898471415042877,0.5118449926376343,0.4801488220691681
rician,18,baseline,18.49365234375,0.6802285313606262,17.700912475585938,17.49628257751465,0.29674428701400757,0.04509929567575455,0.24372579157352448,0.22799216210842133,0.9997560977935791,1.9213355699321255e-05,0.9997321963310242,0.9997206926345825,0.9228795766830444,0.039282143115997314,0.8660236597061157,0.842416524887085
rician,18,tokenizer_cond,17.381664276123047,0.5951620936393738,16.712112426757812,16.53089141845703,0.25338152050971985,0.04323697090148926,0.2039579153060913,0.18773330748081207,0.999688446521759,2.0119099644944072e-05,0.999663770198822,0.9996529817581177,0.9045427441596985,0.04595785588026047,0.8463944792747498,0.8077888488769531
rician,18,diffusion_no_token,17.382427215576172,0.604753315448761,16.68922996520996,16.502302169799805,0.2533750534057617,0.04329650104045868,0.20191089808940887,0.18866194784641266,0.9996882677078247,2.0730312826344743e-05,0.9996628761291504,0.9996517896652222,0.9019866585731506,0.046272799372673035,0.8410502672195435,0.8231316208839417
rician,18,diffusion_token,25.265560150146484,1.6278021335601807,23.17072105407715,22.51310157775879,0.6976163387298584,0.06076091527938843,0.6181963086128235,0.5918034911155701,0.9999294877052307,2.1826635929755867e-05,0.9999029636383057,0.9998903870582581,0.659004807472229,0.11826948076486588,0.5103238821029663,0.47861847281455994
rician,20,baseline,18.476301193237305,0.6649654507637024,17.720781326293945,17.522371292114258,0.2960645258426666,0.0446988008916378,0.243909552693367,0.22785843908786774,0.9997556805610657,1.9299995983601548e-05,0.9997315406799316,0.9997199773788452,0.9260371923446655,0.038300130516290665,0.8717179298400879,0.8531320095062256
rician,20,tokenizer_cond,17.388141632080078,0.6062871217727661,16.69368553161621,16.52664566040039,0.25425195693969727,0.043838828802108765,0.20276287198066711,0.19008059799671173,0.9996880292892456,2.006638351303991e-05,0.9996631145477295,0.999651312828064,0.9025458097457886,0.049177125096321106,0.8368422389030457,0.8097329139709473
rician,20,diffusion_no_token,17.397871017456055,0.6065208911895752,16.713041305541992,16.534957885742188,0.25443607568740845,0.04364173859357834,0.20376120507717133,0.18897539377212524,0.9996887445449829,2.0366866010590456e-05,0.9996644258499146,0.9996522665023804,0.9027619957923889,0.04787956923246384,0.8375018239021301,0.8193625211715698
rician,20,diffusion_token,25.297130584716797,1.6239938735961914,23.122915267944336,22.53867530822754,0.6975274085998535,0.06129930913448334,0.6175844669342041,0.5916329026222229,0.9999295473098755,2.169060280721169e-05,0.9999020099639893,0.9998897910118103,0.6699132323265076,0.11782717704772949,0.5155535340309143,0.4883565306663513
tdl,0,baseline,16.841777801513672,1.2277857065200806,15.362496376037598,14.662373542785645,0.24998652935028076,0.03699849918484688,0.204827681183815,0.19064798951148987,0.9997442960739136,2.4379816750297323e-05,0.9997130632400513,0.9996985197067261,0.9196507334709167,0.0416826568543911,0.8660522699356079,0.8507567644119263
tdl,0,tokenizer_cond,16.396366119384766,0.8238634467124939,15.427669525146484,15.016448020935059,0.2101397067308426,0.03597768768668175,0.16657046973705292,0.15653812885284424,0.9996826648712158,2.4341088646906428e-05,0.9996522665023804,0.9996368885040283,0.8972999453544617,0.05404410511255264,0.8363725543022156,0.8062856197357178
tdl,0,diffusion_no_token,16.372655868530273,0.8566948175430298,15.425945281982422,14.951661109924316,0.20990513265132904,0.03707801178097725,0.1664445549249649,0.1553337126970291,0.9996832609176636,2.417126961518079e-05,0.9996534585952759,0.9996387362480164,0.894371509552002,0.04996391013264656,0.8265612125396729,0.7999972105026245
tdl,0,diffusion_token,21.027936935424805,1.8985419273376465,18.652935028076172,17.412878036499023,0.5803617238998413,0.0668434351682663,0.49400264024734497,0.4699018597602844,0.9999174475669861,2.5256262233597226e-05,0.9998842477798462,0.9998683929443359,0.61509770154953,0.1141560971736908,0.4751068949699402,0.43452492356300354
tdl,3,baseline,17.4600887298584,1.0356802940368652,16.285154342651367,15.623396873474121,0.26624396443367004,0.03954856097698212,0.2172652781009674,0.2058035135269165,0.9997481107711792,2.329049129912164e-05,0.9997193813323975,0.9997053146362305,0.9247377514839172,0.037978701293468475,0.8780781030654907,0.8554530739784241
tdl,3,tokenizer_cond,16.67801284790039,0.8386704921722412,15.76513385772705,15.299097061157227,0.22119824588298798,0.03871259093284607,0.1752362698316574,0.16346020996570587,0.9996863007545471,2.320606290595606e-05,0.9996562600135803,0.9996445178985596,0.8953020572662354,0.054686833173036575,0.8206142783164978,0.7793046236038208
tdl,3,diffusion_no_token,16.66913414001465,0.806811511516571,15.739484786987305,15.266051292419434,0.22084373235702515,0.038095396012067795,0.17511743307113647,0.16400982439517975,0.9996858239173889,2.3216029148898087e-05,0.9996567964553833,0.9996441006660461,0.8972865343093872,0.052605342119932175,0.8237667083740234,0.7993013262748718
tdl,3,diffusion_token,22.073165893554688,1.8559931516647339,19.774648666381836,18.769302368164062,0.6064107418060303,0.06645303219556808,0.5198384523391724,0.4939068853855133,0.9999208450317383,2.4603534257039428e-05,0.9998885989189148,0.9998741149902344,0.6390975713729858,0.11433014273643494,0.5056418180465698,0.4778640866279602
tdl,6,baseline,17.889551162719727,0.9170563817024231,16.842805862426758,16.427974700927734,0.27861377596855164,0.04193725064396858,0.2278974950313568,0.21381303668022156,0.9997513294219971,2.2184898625710048e-05,0.9997236132621765,0.9997105002403259,0.9261049032211304,0.036584336310625076,0.8748019933700562,0.8588039875030518
tdl,6,tokenizer_cond,16.87242889404297,0.7677413821220398,16.060699462890625,15.719675064086914,0.22881293296813965,0.03884854540228844,0.18305005133152008,0.17085334658622742,0.999687910079956,2.1932948584435508e-05,0.9996616244316101,0.9996485710144043,0.894751787185669,0.054520152509212494,0.825170636177063,0.7926570177078247
tdl,6,diffusion_no_token,16.86972427368164,0.7491284608840942,16.022296905517578,15.63453483581543,0.2285948544740677,0.038885731250047684,0.18190866708755493,0.1710195094347,0.9996880292892456,2.1749623556388542e-05,0.9996607303619385,0.9996485710144043,0.8970885276794434,0.0476873517036438,0.8342801928520203,0.8122241497039795
tdl,6,diffusion_token,22.853313446044922,1.8161600828170776,20.659799575805664,19.814422607421875,0.6279542446136475,0.06436995416879654,0.54557204246521,0.5122829079627991,0.999923586845398,2.3219972717924975e-05,0.999893844127655,0.999881386756897,0.6490908265113831,0.11975176632404327,0.4947640299797058,0.47266361117362976
tdl,9,baseline,18.165138244628906,0.8777064085006714,17.22349739074707,16.835512161254883,0.2870663106441498,0.04423922672867775,0.2340269535779953,0.22093747556209564,0.9997538328170776,2.142951234418433e-05,0.9997273683547974,0.9997133016586304,0.9268779158592224,0.03581033647060394,0.88192218542099,0.860730767250061
tdl,9,tokenizer_cond,17.037322998046875,0.6855904459953308,16.337631225585938,16.01801109313965,0.2352093756198883,0.03877146169543266,0.18934541940689087,0.17794257402420044,0.9996881484985352,2.1375974029069766e-05,0.9996615052223206,0.999650239944458,0.8999917507171631,0.04717545583844185,0.8341628909111023,0.8103570342063904
tdl,9,diffusion_no_token,17.02923583984375,0.713219165802002,16.278427124023438,15.955351829528809,0.23545722663402557,0.03955620154738426,0.1894548088312149,0.17542943358421326,0.9996883869171143,2.120621684298385e-05,0.9996630549430847,0.9996496438980103,0.8934734463691711,0.05323532223701477,0.8242343068122864,0.7947797775268555
tdl,9,diffusion_token,23.576988220214844,1.8540277481079102,21.321819305419922,20.565784454345703,0.6476001143455505,0.06459230929613113,0.567937970161438,0.5345829725265503,0.9999253749847412,2.3048347429721616e-05,0.9998968839645386,0.9998815655708313,0.6464312672615051,0.11423596739768982,0.5148828029632568,0.47722169756889343
tdl,12,baseline,18.330249786376953,0.8051096796989441,17.41885757446289,17.126018524169922,0.2915576100349426,0.04450118914246559,0.2385319322347641,0.22650428116321564,0.9997554421424866,2.0518185920082033e-05,0.9997299909591675,0.9997172355651855,0.9289122223854065,0.03757008537650108,0.8776192665100098,0.8624784350395203
tdl,12,tokenizer_cond,17.139253616333008,0.6761032342910767,16.406272888183594,16.136131286621094,0.24118487536907196,0.039852384477853775,0.1943870335817337,0.18153682351112366,0.9996883869171143,2.079488695017062e-05,0.9996629953384399,0.9996519088745117,0.9023041129112244,0.04802264645695686,0.833983302116394,0.8099279403686523
tdl,12,diffusion_no_token,17.16323471069336,0.6396744847297668,16.402830123901367,16.182218551635742,0.24146509170532227,0.04015960544347763,0.19376131892204285,0.18183209002017975,0.9996883869171143,2.091043279506266e-05,0.9996626377105713,0.9996517300605774,0.89655601978302,0.051916781812906265,0.8258999586105347,0.7966182827949524
tdl,12,diffusion_token,24.16038703918457,1.8318415880203247,21.939477920532227,21.14238739013672,0.666628360748291,0.06271816045045853,0.5877938866615295,0.5545908212661743,0.9999272227287292,2.2322055883705616e-05,0.9998995661735535,0.999884843826294,0.6571892499923706,0.12035094946622849,0.4993021488189697,0.47747012972831726
tdl,15,baseline,18.405534744262695,0.7477395534515381,17.566930770874023,17.282480239868164,0.29389116168022156,0.04489606246352196,0.24103713035583496,0.225284144282341,0.9997557997703552,1.986426650546491e-05,0.999732494354248,0.9997196793556213,0.9266601204872131,0.03661871701478958,0.8807830214500427,0.8532618880271912
tdl,15,tokenizer_cond,17.25063133239746,0.6279463768005371,16.569000244140625,16.32389259338379,0.24648569524288177,0.041343946009874344,0.19757017493247986,0.18363650143146515,0.9996883869171143,2.02759856620105e-05,0.9996629357337952,0.9996517300605774,0.9024865627288818,0.04902414232492447,0.8350915908813477,0.8003767132759094
tdl,15,diffusion_no_token,17.250593185424805,0.628393828868866,16.54865074157715,16.31024932861328,0.24652573466300964,0.04129703342914581,0.19831021130084991,0.18261201679706573,0.9996880292892456,2.0630361177609302e-05,0.9996628761291504,0.9996497631072998,0.8928331732749939,0.05422698333859444,0.8165498971939087,0.7884068489074707
tdl,15,diffusion_token,24.609426498413086,1.7659170627593994,22.387928009033203,21.574556350708008,0.6794105768203735,0.06146835908293724,0.5975975394248962,0.5703082084655762,0.9999282956123352,2.201157622039318e-05,0.9999013543128967,0.9998877644538879,0.6525430679321289,0.11455623060464859,0.5103462338447571,0.47883233428001404
tdl,18,baseline,18.444599151611328,0.7253811359405518,17.635786056518555,17.337305068969727,0.2956424653530121,0.045057572424411774,0.24276097118854523,0.22748181223869324,0.9997559785842896,1.9749728380702436e-05,0.9997316002845764,0.9997197389602661,0.9198058247566223,0.03762313351035118,0.8684614300727844,0.8505775332450867
tdl,18,tokenizer_cond,17.3168888092041,0.6175359487533569,16.633344650268555,16.44568634033203,0.2503913342952728,0.042875707149505615,0.20014727115631104,0.18856091797351837,0.9996880888938904,2.012593176914379e-05,0.9996625185012817,0.9996526837348938,0.8990625143051147,0.05168867111206055,0.8205581307411194,0.8074375987052917
tdl,18,diffusion_no_token,17.316251754760742,0.6247665882110596,16.645837783813477,16.423696517944336,0.25004416704177856,0.04245013743638992,0.1998130977153778,0.18735744059085846,0.9996881484985352,2.0219216821715236e-05,0.9996625781059265,0.9996519684791565,0.9052704572677612,0.0463569201529026,0.8401662111282349,0.8169787526130676
tdl,18,diffusion_token,24.91522216796875,1.709911823272705,22.80099868774414,22.06474494934082,0.6879439949989319,0.06098314747214317,0.6096712946891785,0.5788806676864624,0.9999290108680725,2.1781088435091078e-05,0.9999011158943176,0.9998878836631775,0.6634758710861206,0.11680406332015991,0.5177516937255859,0.5014721751213074
tdl,20,baseline,18.46004867553711,0.7045400142669678,17.68039321899414,17.401498794555664,0.29600322246551514,0.04468390345573425,0.24218754470348358,0.22884158790111542,0.9997561573982239,1.9499133486533538e-05,0.9997324347496033,0.9997204542160034,0.9246912002563477,0.034850288182497025,0.884710431098938,0.8682245016098022
tdl,20,tokenizer_cond,17.352617263793945,0.6133067607879639,16.671323776245117,16.48638343811035,0.25226330757141113,0.04312700778245926,0.201594278216362,0.18691028654575348,0.9996885657310486,2.0030061932629906e-05,0.999662458896637,0.999652624130249,0.8989042043685913,0.04927237331867218,0.8304063677787781,0.8022236227989197
tdl,20,diffusion_no_token,17.33872413635254,0.6397314667701721,16.64815902709961,16.425291061401367,0.2519276440143585,0.04352125525474548,0.20061376690864563,0.18732678890228271,0.9996881484985352,2.0327790480223484e-05,0.9996622204780579,0.9996521472930908,0.9066097736358643,0.04613257199525833,0.8441925644874573,0.8182793855667114
tdl,20,diffusion_token,25.061220169067383,1.6598693132400513,22.895212173461914,22.21255874633789,0.6916666030883789,0.06247168779373169,0.6127868294715881,0.5838540196418762,0.9999290704727173,2.2092550352681428e-05,0.999901294708252,0.9998872876167297,0.6662031412124634,0.11477228254079819,0.5264012217521667,0.48583120107650757
cdl,0,baseline,17.301485061645508,0.9476818442344666,16.15389633178711,15.737525939941406,0.26039594411849976,0.03753931075334549,0.2117500752210617,0.20057769119739532,0.9997462630271912,2.3636688638362102e-05,0.9997162222862244,0.9997026920318604,0.9215156435966492,0.04056854546070099,0.869145929813385,0.8435873985290527
cdl,0,tokenizer_cond,16.785297393798828,0.673491358757019,16.046831130981445,15.75190258026123,0.2196078598499298,0.037921469658613205,0.17405885457992554,0.1621609628200531,0.9996855854988098,2.347089503018651e-05,0.9996553659439087,0.9996434450149536,0.9001761674880981,0.04724343121051788,0.8371702432632446,0.81056147813797
cdl,0,diffusion_no_token,16.798538208007812,0.6434772610664368,16.06426239013672,15.753193855285645,0.21972592175006866,0.03796391934156418,0.1741466075181961,0.16418366134166718,0.9996855854988098,2.3769138351781294e-05,0.99965500831604,0.9996423721313477,0.8948883414268494,0.052928376942873,0.8218198418617249,0.7852328419685364
cdl,0,diffusion_token,22.12363624572754,1.4672517776489258,20.312902450561523,19.737783432006836,0.5981578826904297,0.06366860866546631,0.5153852701187134,0.4896434545516968,0.9999203085899353,2.383366518188268e-05,0.999891459941864,0.999875545501709,0.6396499276161194,0.11393812298774719,0.49932849407196045,0.48132362961769104
cdl,3,baseline,17.89089012145996,0.8279896974563599,16.89996910095215,16.52813148498535,0.2772548496723175,0.04174184054136276,0.22554928064346313,0.21433408558368683,0.999750554561615,2.2594993424718268e-05,0.9997217655181885,0.9997088313102722,0.9269201755523682,0.03598703816533089,0.8814836144447327,0.8558709025382996
cdl,3,tokenizer_cond,17.009008407592773,0.6434178352355957,16.270999908447266,16.010623931884766,0.2290882021188736,0.040029097348451614,0.18147233128547668,0.16938208043575287,0.9996882677078247,2.2156627892400138e-05,0.9996599555015564,0.9996477365493774,0.9032785892486572,0.045705974102020264,0.8366358280181885,0.8083035945892334
cdl,3,diffusion_no_token,17.01374053955078,0.6499737501144409,16.26175880432129,15.991168975830078,0.2291332185268402,0.03934478759765625,0.18397203087806702,0.17121122777462006,0.9996883869171143,2.2248108507483266e-05,0.9996615648269653,0.999649167060852,0.896111011505127,0.0453546978533268,0.8333290815353394,0.8107588887214661
cdl,3,diffusion_token,23.074806213378906,1.4750454425811768,21.19498062133789,20.579679489135742,0.6241689324378967,0.06195339187979698,0.5456998348236084,0.5186411142349243,0.9999234676361084,2.324090564798098e-05,0.9998934268951416,0.9998804330825806,0.6415563821792603,0.11732081323862076,0.4996536076068878,0.4614150822162628
cdl,6,baseline,18.236557006835938,0.787985622882843,17.326255798339844,17.00013542175293,0.2874523997306824,0.044509634375572205,0.23416297137737274,0.22014755010604858,0.999753475189209,2.1270059733069502e-05,0.9997270107269287,0.9997149705886841,0.9285390377044678,0.035940807312726974,0.8796067833900452,0.8618428111076355
cdl,6,tokenizer_cond,17.136425018310547,0.6296709179878235,16.416461944580078,16.2037410736084,0.23508034646511078,0.0401211641728878,0.1868041306734085,0.17437878251075745,0.9996891021728516,2.175731242459733e-05,0.9996621012687683,0.9996500015258789,0.8979597687721252,0.04979151114821434,0.8348714709281921,0.7957801222801208
cdl,6,diffusion_no_token,17.12976837158203,0.6165493726730347,16.441293716430664,16.211097717285156,0.23502503335475922,0.03949091583490372,0.1881081610918045,0.1760825365781784,0.9996893405914307,2.1335154087864794e-05,0.9996635913848877,0.9996521472930908,0.9015183448791504,0.04774985462427139,0.8370764851570129,0.8072999715805054
cdl,6,diffusion_token,23.773393630981445,1.5175127983093262,21.826862335205078,21.223529815673828,0.644947350025177,0.061515115201473236,0.5678161382675171,0.5410164594650269,0.999925434589386,2.272270285175182e-05,0.9998968839645386,0.9998834133148193,0.6596360206604004,0.11920704692602158,0.5099347829818726,0.47610706090927124
cdl,9,baseline,18.41864013671875,0.7526751160621643,17.560869216918945,17.269027709960938,0.293204665184021,0.04530249908566475,0.23863744735717773,0.22495195269584656,0.9997555017471313,2.0769568436662666e-05,0.9997299313545227,0.9997180700302124,0.9282189011573792,0.038344599306583405,0.8804696798324585,0.8529863357543945
cdl,9,tokenizer_cond,17.22492790222168,0.5981597900390625,16.560171127319336,16.349863052368164,0.24102140963077545,0.03977770730853081,0.19435514509677887,0.18138368427753448,0.9996892809867859,2.1085503249196336e-05,0.9996626377105713,0.9996503591537476,0.8990753889083862,0.0507836751639843,0.8360369205474854,0.7928277254104614
cdl,9,diffusion_no_token,17.221485137939453,0.6150299310684204,16.53805160522461,16.354890823364258,0.24099083244800568,0.04005919024348259,0.1936236023902893,0.18238280713558197,0.9996891617774963,2.098199365718756e-05,0.9996633529663086,0.9996515512466431,0.8968163728713989,0.0505097396671772,0.8319190144538879,0.7931117415428162
cdl,9,diffusion_token,24.36162757873535,1.5566296577453613,22.288524627685547,21.718599319458008,0.6631439328193665,0.06116582825779915,0.5826100707054138,0.5564405918121338,0.9999269247055054,2.2512891518999822e-05,0.9998989105224609,0.9998859167098999,0.6592028737068176,0.11493124067783356,0.5122093558311462,0.4777781069278717
cdl,12,baseline,18.483579635620117,0.7339933514595032,17.638103485107422,17.396982192993164,0.29562321305274963,0.0448487289249897,0.23984277248382568,0.22822684049606323,0.999756395816803,2.002242581511382e-05,0.9997321367263794,0.9997192025184631,0.9277754426002502,0.036028843373060226,0.8800906538963318,0.8486838340759277
cdl,12,tokenizer_cond,17.298274993896484,0.599652886390686,16.627422332763672,16.425790786743164,0.24649105966091156,0.04112483188509941,0.19822479784488678,0.1844530701637268,0.9996888637542725,2.0292536646593362e-05,0.9996640682220459,0.9996529221534729,0.9026851058006287,0.04734056442975998,0.836114764213562,0.8053470849990845
cdl,12,diffusion_no_token,17.296724319458008,0.5994549989700317,16.627878189086914,16.413089752197266,0.24620883166790009,0.04135359451174736,0.1963835209608078,0.18549151718616486,0.999688446521759,2.043660970230121e-05,0.9996628761291504,0.9996522068977356,0.8964728116989136,0.05083188787102699,0.827216386795044,0.8055503368377686
cdl,12,diffusion_token,24.804668426513672,1.598405122756958,22.700206756591797,22.108272552490234,0.6788208484649658,0.06156840920448303,0.6001005172729492,0.5718545317649841,0.9999282956123352,2.22596681851428e-05,0.9999002814292908,0.999885082244873,0.6618587970733643,0.11556036025285721,0.5313030481338501,0.49701979756355286
cdl,15,baseline,18.49017333984375,0.7059286236763,17.68696403503418,17.47779083251953,0.296200692653656,0.045037951320409775,0.2427356243133545,0.22825762629508972,0.9997559785842896,1.9720742784556933e-05,0.9997310638427734,0.9997203946113586,0.9256036877632141,0.036086395382881165,0.8787867426872253,0.8611485362052917
cdl,15,tokenizer_cond,17.346294403076172,0.603743314743042,16.65835189819336,16.488374710083008,0.25023263692855835,0.0423135831952095,0.20175202190876007,0.18787842988967896,0.999688446521759,2.0633326130337082e-05,0.9996626377105713,0.9996504187583923,0.903950035572052,0.047246113419532776,0.8357784152030945,0.8070726990699768
cdl,15,diffusion_no_token,17.34402084350586,0.6056846976280212,16.684642791748047,16.503950119018555,0.2503392696380615,0.042358338832855225,0.2002459615468979,0.1865963488817215,0.9996886253356934,2.0611772924894467e-05,0.9996621608734131,0.9996528029441833,0.906389057636261,0.04754997789859772,0.8419052362442017,0.8141891360282898
cdl,15,diffusion_token,25.063919067382812,1.6149224042892456,22.932893753051758,22.236534118652344,0.6890301704406738,0.06080859154462814,0.6072385311126709,0.5827610492706299,0.9999288320541382,2.2179465304361656e-05,0.9999011754989624,0.9998885989189148,0.6669071912765503,0.1161176860332489,0.5212664008140564,0.4888398349285126
cdl,18,baseline,18.49009132385254,0.6761136054992676,17.71344757080078,17.509798049926758,0.29638391733169556,0.04474018141627312,0.2428262084722519,0.22832252085208893,0.9997560381889343,1.9448181774350815e-05,0.9997323751449585,0.9997209310531616,0.9278180003166199,0.03353384882211685,0.8775509595870972,0.8649499416351318
cdl,18,tokenizer_cond,17.37527847290039,0.5988592505455017,16.699026107788086,16.500646591186523,0.2527160942554474,0.04300267621874809,0.2033052146434784,0.18944083154201508,0.9996882677078247,2.040625076915603e-05,0.9996629357337952,0.9996520280838013,0.9043705463409424,0.0445261225104332,0.8394721746444702,0.8190232515335083
cdl,18,diffusion_no_token,17.37413215637207,0.6028112173080444,16.678495407104492,16.520160675048828,0.2529708743095398,0.043020859360694885,0.20307676494121552,0.18948887288570404,0.9996885061264038,2.008996671065688e-05,0.9996647834777832,0.9996521472930908,0.9050227403640747,0.04713850095868111,0.8434235453605652,0.8198875784873962
cdl,18,diffusion_token,25.217849731445312,1.6494499444961548,23.048866271972656,22.446949005126953,0.6951788663864136,0.062077414244413376,0.6150045394897461,0.5872452259063721,0.9999294877052307,2.1562937035923824e-05,0.9999030828475952,0.9998898506164551,0.6681651473045349,0.11309732496738434,0.5254983305931091,0.4791411757469177
cdl,20,baseline,18.481454849243164,0.6803345084190369,17.707094192504883,17.481029510498047,0.29618507623672485,0.044821929186582565,0.2417844980955124,0.22728002071380615,0.9997557401657104,1.952117781911511e-05,0.9997312426567078,0.9997198581695557,0.9246063828468323,0.03903388977050781,0.875545084476471,0.8405060172080994
cdl,20,tokenizer_cond,17.389249801635742,0.6022884249687195,16.709550857543945,16.553810119628906,0.25402072072029114,0.04372312128543854,0.20276696979999542,0.18813031911849976,0.9996880292892456,2.0061313989572227e-05,0.9996627569198608,0.9996529817581177,0.9079120755195618,0.04564818739891052,0.8465262055397034,0.8272688984870911
cdl,20,diffusion_no_token,17.392885208129883,0.6014488935470581,16.73754119873047,16.510892868041992,0.2540655732154846,0.043478209525346756,0.20258979499340057,0.19001547992229462,0.9996885657310486,2.0411804143805057e-05,0.9996631741523743,0.9996510148048401,0.903999388217926,0.04392196238040924,0.8483178615570068,0.823528528213501
cdl,20,diffusion_token,25.287065505981445,1.6236116886138916,23.130701065063477,22.504776000976562,0.6981920003890991,0.06169503927230835,0.6157548427581787,0.5916685461997986,0.9999297261238098,2.191939711337909e-05,0.9999018907546997,0.999889612197876,0.6670127511024475,0.11342913657426834,0.5205774903297424,0.4983355402946472
urban,0,baseline,16.53093910217285,1.3270632028579712,14.847456932067871,14.017221450805664,0.2438064068555832,0.036241091787815094,0.19813260436058044,0.18674899637699127,0.9997433423995972,2.5393943360541016e-05,0.9997106194496155,0.9996960163116455,0.9171499609947205,0.04005924239754677,0.861555814743042,0.8506374359130859
urban,0,tokenizer_cond,16.088777542114258,0.9258061647415161,14.887767791748047,14.320180892944336,0.20464220643043518,0.0352373868227005,0.1631312072277069,0.15223130583763123,0.9996818900108337,2.4593797206762247e-05,0.9996511936187744,0.9996373653411865,0.8972365856170654,0.05067140981554985,0.8206863403320312,0.8065800666809082
urban,0,diffusion_no_token,16.09122085571289,0.9410237073898315,14.971439361572266,14.37624454498291,0.2047121226787567,0.03534649312496185,0.16156740486621857,0.15209856629371643,0.999681830406189,2.489846337994095e-05,0.9996508359909058,0.9996370077133179,0.8940152525901794,0.05274133384227753,0.8273183107376099,0.7857899069786072
urban,0,diffusion_token,20.426685333251953,1.9802097082138062,17.88475799560547,16.945144653320312,0.5699740052223206,0.06812787801027298,0.48155495524406433,0.4532786011695862,0.999916136264801,2.5471425033174455e-05,0.9998840093612671,0.999868631362915,0.6339274048805237,0.11466309428215027,0.4926683008670807,0.46626484394073486
urban,3,baseline,17.230318069458008,1.0649539232254028,15.951059341430664,15.327537536621094,0.2614639401435852,0.038756899535655975,0.21380877494812012,0.20145919919013977,0.9997472763061523,2.3448375941370614e-05,0.999717652797699,0.9997029900550842,0.9234524369239807,0.03504609316587448,0.8769516944885254,0.8553638458251953
urban,3,tokenizer_cond,16.438161849975586,0.8757712244987488,15.448663711547852,14.894418716430664,0.21637754142284393,0.03682519868016243,0.17146523296833038,0.16057941317558289,0.9996849298477173,2.3242138922796585e-05,0.9996563792228699,0.9996434450149536,0.8970493674278259,0.04944121092557907,0.8288261294364929,0.8038654923439026
urban,3,diffusion_no_token,16.426437377929688,0.8986354470252991,15.41411018371582,14.821676254272461,0.21660952270030975,0.03754693642258644,0.17170387506484985,0.1603013575077057,0.999684751033783,2.352393676119391e-05,0.9996551275253296,0.9996410608291626,0.8989765048027039,0.0485469214618206,0.8321979641914368,0.8048216700553894
urban,3,diffusion_token,21.443517684936523,1.9415985345840454,18.981409072875977,17.848175048828125,0.5958362221717834,0.06568261235952377,0.511403501033783,0.484222948551178,0.9999195337295532,2.4309028958668932e-05,0.9998886585235596,0.9998742341995239,0.6521825194358826,0.11542225629091263,0.504003643989563,0.47993412613868713
urban,6,baseline,17.662364959716797,1.0214554071426392,16.516357421875,16.013181686401367,0.27377793192863464,0.041701458394527435,0.22243450582027435,0.20869214832782745,0.9997504353523254,2.2805754269938916e-05,0.9997220039367676,0.9997086524963379,0.9253144860267639,0.03842496499419212,0.8701854944229126,0.8471786379814148
urban,6,tokenizer_cond,16.681489944458008,0.7922782897949219,15.831986427307129,15.387635231018066,0.2245485782623291,0.03843783214688301,0.17838463187217712,0.16655823588371277,0.9996865391731262,2.2491572963190265e-05,0.999658465385437,0.9996463060379028,0.8964462280273438,0.04720092937350273,0.8342029452323914,0.8098583221435547
urban,6,diffusion_no_token,16.678802490234375,0.8360661268234253,15.772802352905273,15.406595230102539,0.22485561668872833,0.03780464082956314,0.1799692064523697,0.16797225177288055,0.9996861815452576,2.2296231691143475e-05,0.9996568560600281,0.9996464848518372,0.9022256135940552,0.04450276121497154,0.8480516076087952,0.807739794254303
urban,6,diffusion_token,22.238054275512695,2.058051586151123,19.704883575439453,18.374122619628906,0.6199490427970886,0.06650228798389435,0.5334210991859436,0.5049141049385071,0.9999227523803711,2.3735528884571977e-05,0.9998934864997864,0.9998774528503418,0.6556035280227661,0.11366745084524155,0.5028113722801208,0.4838831126689911
urban,9,baseline,17.990142822265625,0.9093519449234009,16.959453582763672,16.536855697631836,0.2830239236354828,0.04279109835624695,0.2306968718767166,0.21756453812122345,0.9997530579566956,2.1474063032655977e-05,0.9997262954711914,0.9997134208679199,0.9225981831550598,0.04040870442986488,0.8735059499740601,0.8404077291488647
urban,9,tokenizer_cond,16.872329711914062,0.7923418879508972,16.073793411254883,15.638236045837402,0.231734961271286,0.03858477994799614,0.1859639436006546,0.17316901683807373,0.999687671661377,2.1594420104520395e-05,0.9996606707572937,0.9996498823165894,0.8919786214828491,0.055977627635002136,0.8097217082977295,0.7780787944793701
urban,9,diffusion_no_token,16.8602294921875,0.8083406686782837,16.050222396850586,15.573906898498535,0.23182199895381927,0.03913285210728645,0.1847468763589859,0.17304466664791107,0.9996875524520874,2.167857928725425e-05,0.9996600151062012,0.9996476173400879,0.8978666067123413,0.04880828782916069,0.8346094489097595,0.7961737513542175
urban,9,diffusion_token,23.02972412109375,1.939652919769287,20.72618865966797,19.556467056274414,0.6392382979393005,0.06314489245414734,0.5574030876159668,0.5286853909492493,0.99992436170578,2.3030132069834508e-05,0.999895453453064,0.999882698059082,0.645067036151886,0.11948467791080475,0.4937373101711273,0.4637129604816437
urban,12,baseline,18.17253303527832,0.8513681888580322,17.217031478881836,16.837190628051758,0.2880927622318268,0.04394233226776123,0.23592735826969147,0.22250397503376007,0.9997544288635254,2.098484219459351e-05,0.9997283220291138,0.9997165203094482,0.9233810305595398,0.040641043335199356,0.8734134435653687,0.8538469076156616
urban,12,tokenizer_cond,17.01296615600586,0.7300863862037659,16.289691925048828,15.927831649780273,0.23793260753154755,0.040045034140348434,0.18928684294223785,0.1788220852613449,0.9996877312660217,2.0569053958752193e-05,0.9996615648269653,0.9996511936187744,0.8973233103752136,0.05061529576778412,0.8284875154495239,0.8011161684989929
urban,12,diffusion_no_token,17.037403106689453,0.723860502243042,16.255653381347656,15.965797424316406,0.2382306456565857,0.03998243436217308,0.1904871165752411,0.17906621098518372,0.9996874332427979,2.1339314116630703e-05,0.9996607303619385,0.999649167060852,0.8985393643379211,0.051024165004491806,0.8230621814727783,0.7932619452476501
urban,12,diffusion_token,23.777820587158203,1.82173490524292,21.44120216369629,20.715251922607422,0.658502459526062,0.06316583603620529,0.5767929553985596,0.5498427748680115,0.9999262094497681,2.2708063625032082e-05,0.9998970031738281,0.999885082244873,0.6469107866287231,0.11244257539510727,0.5008831024169922,0.46970033645629883
urban,15,baseline,18.284854888916016,0.8490581512451172,17.409183502197266,17.074512481689453,0.2914121747016907,0.04423981532454491,0.23756007850170135,0.22211003303527832,0.9997552037239075,2.030016366916243e-05,0.9997305870056152,0.999717652797699,0.924820601940155,0.03903620317578316,0.8791590332984924,0.8399171233177185
urban,15,tokenizer_cond,17.170042037963867,0.671383798122406,16.452611923217773,16.186635971069336,0.24430014193058014,0.0415995754301548,0.1953202486038208,0.18127308785915375,0.999687910079956,2.0846940969931893e-05,0.9996628761291504,0.9996506571769714,0.900401771068573,0.04820830747485161,0.8343082070350647,0.8052851557731628
urban,15,diffusion_no_token,17.14956283569336,0.722026526927948,16.442913055419922,16.141197204589844,0.24403879046440125,0.041499461978673935,0.1948430836200714,0.18202348053455353,0.9996877908706665,2.10089983738726e-05,0.9996604919433594,0.9996490478515625,0.8964316844940186,0.05052216351032257,0.8311213850975037,0.8109316825866699
urban,15,diffusion_token,24.205589294433594,1.9388954639434814,21.96405601501465,21.04395294189453,0.6723307371139526,0.06367354094982147,0.5895991325378418,0.5596169233322144,0.999927282333374,2.2625468773185275e-05,0.9998993873596191,0.9998852014541626,0.6534242033958435,0.11473622173070908,0.512615978717804,0.48583218455314636
urban,18,baseline,18.36185646057129,0.7705884575843811,17.513547897338867,17.21537971496582,0.29345208406448364,0.04540953412652016,0.2396819144487381,0.2250756025314331,0.999755322933197,1.9542843801900744e-05,0.9997312426567078,0.9997196197509766,0.9296103715896606,0.035589799284935,0.8894056081771851,0.8605397939682007
urban,18,tokenizer_cond,17.246532440185547,0.6539527773857117,16.53754997253418,16.284494400024414,0.24834319949150085,0.04230032488703728,0.19844670593738556,0.18670029938220978,0.999687671661377,2.0819528799620457e-05,0.9996610283851624,0.999650239944458,0.90679532289505,0.0452582985162735,0.8466943502426147,0.8172671794891357
urban,18,diffusion_no_token,17.24945831298828,0.6529111862182617,16.546903610229492,16.269817352294922,0.2486516386270523,0.04309839382767677,0.19836676120758057,0.18655502796173096,0.9996880888938904,2.0793375369976275e-05,0.9996618032455444,0.9996512532234192,0.8997445702552795,0.04923808574676514,0.8318622708320618,0.7980716824531555
urban,18,diffusion_token,24.630220413208008,1.7238237857818604,22.472270965576172,21.627792358398438,0.6825578212738037,0.06179656833410263,0.6024214029312134,0.5717335939407349,0.9999284148216248,2.2071562852943316e-05,0.999899685382843,0.9998865127563477,0.6628929972648621,0.11700832098722458,0.5245980620384216,0.48117682337760925
urban,20,baseline,18.40097427368164,0.7356961369514465,17.584880828857422,17.279844284057617,0.2944163978099823,0.045415520668029785,0.239601269364357,0.22667010128498077,0.9997554421424866,1.984471055038739e-05,0.9997314214706421,0.9997197389602661,0.9276185631752014,0.03356677666306496,0.8779744505882263,0.8644453287124634
urban,20,tokenizer_cond,17.282337188720703,0.6363657116889954,16.621530532836914,16.393033981323242,0.2503860294818878,0.04345725476741791,0.20018097758293152,0.18544040620326996,0.9996880292892456,2.0093457351322286e-05,0.9996631145477295,0.9996520280838013,0.9028744697570801,0.04822342097759247,0.8406202793121338,0.8050921559333801
urban,20,diffusion_no_token,17.26836395263672,0.6568453907966614,16.555667877197266,16.321420669555664,0.25002333521842957,0.043492984026670456,0.1983221024274826,0.18614453077316284,0.999687671661377,2.0455345293157734e-05,0.9996628761291504,0.9996535181999207,0.9042720198631287,0.045503780245780945,0.8374983668327332,0.8139773607254028
urban,20,diffusion_token,24.75520896911621,1.7804627418518066,22.58870506286621,21.822486877441406,0.6875255107879639,0.06201496347784996,0.608154296875,0.583488941192627,0.9999285340309143,2.2121503207017668e-05,0.999900221824646,0.9998871088027954,0.6690129637718201,0.12233637273311615,0.5052996873855591,0.47186681628227234
rural,0,baseline,16.382890701293945,1.1838996410369873,14.955524444580078,14.279949188232422,0.24001112580299377,0.0343591533601284,0.19693417847156525,0.18570035696029663,0.9997426867485046,2.4994122213684022e-05,0.9997105598449707,0.9996956586837769,0.916752815246582,0.040505677461624146,0.8604949712753296,0.8343289494514465
rural,0,tokenizer_cond,15.873446464538574,0.9576631188392639,14.625908851623535,14.088720321655273,0.20044995844364166,0.0339251309633255,0.15900005400180817,0.1507796198129654,0.9996805787086487,2.5074743462027982e-05,0.999649167060852,0.9996362924575806,0.8871936202049255,0.052615560591220856,0.8262901902198792,0.7910428047180176
rural,0,diffusion_no_token,15.853906631469727,0.969382107257843,14.555517196655273,14.054667472839355,0.2003299444913864,0.03482593223452568,0.15786851942539215,0.14755573868751526,0.9996805191040039,2.507360295567196e-05,0.9996488690376282,0.9996354579925537,0.8937156796455383,0.050746262073516846,0.826744556427002,0.8008784651756287
rural,0,diffusion_token,19.834434509277344,1.999242901802063,17.22012710571289,16.304832458496094,0.5611006617546082,0.06812696158885956,0.47583872079849243,0.44438496232032776,0.9999147057533264,2.5703207938931882e-05,0.9998825788497925,0.9998658895492554,0.6305798888206482,0.124308742582798,0.4657978415489197,0.4423331320285797
rural,3,baseline,17.025362014770508,1.0529930591583252,15.791250228881836,15.285750389099121,0.2571943998336792,0.0379059873521328,0.21212615072727203,0.19900096952915192,0.9997464418411255,2.409637272648979e-05,0.9997151494026184,0.9997029304504395,0.9182798266410828,0.04240219295024872,0.8607214093208313,0.8353005647659302
rural,3,tokenizer_cond,16.20761489868164,0.9188840985298157,15.12308120727539,14.488463401794434,0.2118825614452362,0.035752471536397934,0.17008505761623383,0.1579269915819168,0.9996840953826904,2.329533890588209e-05,0.999654233455658,0.9996404051780701,0.8962085247039795,0.05475318059325218,0.8255122900009155,0.7871913313865662
rural,3,diffusion_no_token,16.188526153564453,0.9459995031356812,15.061779022216797,14.420943260192871,0.21165823936462402,0.036656081676483154,0.16666604578495026,0.15779869258403778,0.9996833801269531,2.3754304493195377e-05,0.9996538162231445,0.9996408224105835,0.8925686478614807,0.04885635897517204,0.8251575231552124,0.8036906123161316
rural,3,diffusion_token,20.79694938659668,2.049565076828003,18.125593185424805,17.04591941833496,0.5873129367828369,0.06725523620843887,0.49900394678115845,0.4691658020019531,0.9999182820320129,2.4821885745041072e-05,0.9998859167098999,0.9998728632926941,0.6372362375259399,0.11960767954587936,0.4939250349998474,0.46673059463500977
rural,6,baseline,17.482316970825195,1.0116519927978516,16.383886337280273,15.792881965637207,0.26999858021736145,0.040646687150001526,0.22141088545322418,0.20683611929416656,0.9997494220733643,2.2857146177557297e-05,0.999721884727478,0.9997059106826782,0.9215546250343323,0.041936054825782776,0.8673475980758667,0.838772714138031
rural,6,tokenizer_cond,16.478618621826172,0.8916226625442505,15.507396697998047,14.815285682678223,0.22077354788780212,0.03729721158742905,0.17700070142745972,0.16448594629764557,0.9996854662895203,2.2787162379245274e-05,0.9996564388275146,0.999643087387085,0.8963909149169922,0.04859040677547455,0.8305031061172485,0.8088948130607605
rural,6,diffusion_no_token,16.45967674255371,0.8469616174697876,15.51968002319336,14.997055053710938,0.22036662697792053,0.03720282018184662,0.17590521275997162,0.16480088233947754,0.9996856451034546,2.2625254132435657e-05,0.9996568560600281,0.9996451139450073,0.8931921720504761,0.04968094080686569,0.8295415639877319,0.7976922392845154
rural,6,diffusion_token,21.623613357543945,2.039614200592041,19.080883026123047,17.959400177001953,0.6102510094642639,0.0657142624258995,0.5240441560745239,0.49644961953163147,0.9999210834503174,2.409015542070847e-05,0.9998894929885864,0.999876856803894,0.632109522819519,0.11188430339097977,0.49552130699157715,0.4676320552825928
rural,9,baseline,17.798376083374023,0.957018256187439,16.7507381439209,16.26442527770996,0.27918344736099243,0.04231691360473633,0.22890649735927582,0.215675488114357,0.9997521042823792,2.196885907324031e-05,0.9997246265411377,0.9997121095657349,0.9222054481506348,0.039159029722213745,0.8652483820915222,0.8460031747817993
rural,9,tokenizer_cond,16.688173294067383,0.8116788268089294,15.765655517578125,15.32020092010498,0.227949857711792,0.03795731067657471,0.1841759979724884,0.1721877157688141,0.999686598777771,2.1951604139758274e-05,0.9996576905250549,0.9996473789215088,0.8949275612831116,0.04691508784890175,0.8300921320915222,0.8087254166603088
rural,9,diffusion_no_token,16.705942153930664,0.8203558921813965,15.82368278503418,15.367859840393066,0.2282714545726776,0.0381300263106823,0.1831211894750595,0.17171993851661682,0.9996863007545471,2.2037227608961985e-05,0.9996586441993713,0.999645471572876,0.8951946496963501,0.05183686688542366,0.8291539549827576,0.7924469709396362
rural,9,diffusion_token,22.42829704284668,2.0654921531677246,19.798826217651367,18.763065338134766,0.6315399408340454,0.06489003449678421,0.5473344922065735,0.5182521343231201,0.9999233484268188,2.3382874132948928e-05,0.999894917011261,0.9998794794082642,0.6479814648628235,0.12207327038049698,0.5019435286521912,0.48006290197372437
rural,12,baseline,17.97027015686035,0.9753158092498779,16.95463752746582,16.45751190185547,0.2843598425388336,0.04362637549638748,0.23160135746002197,0.21609511971473694,0.9997532367706299,2.1685225874534808e-05,0.9997256994247437,0.9997135996818542,0.9237176775932312,0.0362330824136734,0.8802628517150879,0.8608680963516235
rural,12,tokenizer_cond,16.83333969116211,0.7947245240211487,16.029464721679688,15.508183479309082,0.23428165912628174,0.03938774764537811,0.18677380681037903,0.1753208339214325,0.9996861815452576,2.145938742614817e-05,0.9996588230133057,0.9996477961540222,0.9026373624801636,0.04651723802089691,0.8378966450691223,0.8089245557785034
rural,12,diffusion_no_token,16.885238647460938,0.764686107635498,16.044687271118164,15.62389087677002,0.23549586534500122,0.03935176134109497,0.18918022513389587,0.17683085799217224,0.9996870756149292,2.1925108740106225e-05,0.9996594190597534,0.9996472597122192,0.9005059599876404,0.05381777137517929,0.8306008577346802,0.8036872148513794
rural,12,diffusion_token,23.106252670288086,2.0665533542633057,20.72625732421875,19.55455207824707,0.6507486701011658,0.06358572095632553,0.5654167532920837,0.5443683862686157,0.9999249577522278,2.3097425582818687e-05,0.9998962879180908,0.9998828172683716,0.6521723866462708,0.11340881884098053,0.513741672039032,0.4882921576499939
rural,15,baseline,18.080875396728516,0.8826181888580322,17.091707229614258,16.6882381439209,0.287385493516922,0.043950341641902924,0.23458483815193176,0.22082160413265228,0.9997534155845642,2.0713432604679838e-05,0.9997275471687317,0.9997146129608154,0.9269949793815613,0.03509920835494995,0.8825072646141052,0.8600199818611145
rural,15,tokenizer_cond,16.974166870117188,0.801405668258667,16.165771484375,15.780957221984863,0.24099361896514893,0.040602151304483414,0.19161278009414673,0.17927713692188263,0.999686598777771,2.1655167074641213e-05,0.9996603727340698,0.9996490478515625,0.9014334678649902,0.049813784658908844,0.8343827128410339,0.8022398352622986
rural,15,diffusion_no_token,16.985754013061523,0.7381663918495178,16.197662353515625,15.845809936523438,0.24067693948745728,0.0406307652592659,0.19292308390140533,0.1794462502002716,0.9996863007545471,2.1347887013689615e-05,0.9996590614318848,0.9996480941772461,0.9016831517219543,0.04983875900506973,0.8327469229698181,0.8087610602378845
rural,15,diffusion_token,23.54663848876953,2.041334390640259,21.104921340942383,19.89201545715332,0.6634103059768677,0.06373841315507889,0.5783344507217407,0.5514715313911438,0.9999262094497681,2.2355734472512268e-05,0.9998979568481445,0.9998846054077148,0.6672737002372742,0.1177624836564064,0.5211252570152283,0.4759877920150757
rural,18,baseline,18.121461868286133,0.9062210917472839,17.151107788085938,16.750839233398438,0.28912055492401123,0.044116999953985214,0.2361796647310257,0.22266630828380585,0.9997534155845642,2.171999767597299e-05,0.9997283220291138,0.9997152090072632,0.9280694127082825,0.03603840246796608,0.8772456645965576,0.8595494627952576
rural,18,tokenizer_cond,17.073482513427734,0.7534932494163513,16.270992279052734,15.939678192138672,0.2454896867275238,0.04240071401000023,0.19531328976154327,0.18151257932186127,0.9996866583824158,2.1334035409381613e-05,0.9996605515480042,0.9996494054794312,0.9019832015037537,0.04807934910058975,0.8455410003662109,0.802472710609436
rural,18,diffusion_no_token,17.04836082458496,0.7430816292762756,16.268957138061523,15.907312393188477,0.24494796991348267,0.04232485219836235,0.19364266097545624,0.18074800074100494,0.9996864199638367,2.0626801415346563e-05,0.9996609687805176,0.9996480941772461,0.903776228427887,0.04734709486365318,0.8376650214195251,0.811869204044342
rural,18,diffusion_token,23.85013198852539,2.0180892944335938,21.24593162536621,20.267377853393555,0.671916127204895,0.06386453658342361,0.5904622077941895,0.5623323917388916,0.9999266266822815,2.2339485440170392e-05,0.9998983144760132,0.9998864531517029,0.6569855809211731,0.11508248746395111,0.5054392218589783,0.47963106632232666
rural,20,baseline,18.15114974975586,0.8715264797210693,17.241004943847656,16.79256248474121,0.29042553901672363,0.04437493160367012,0.23630058765411377,0.2227603942155838,0.9997535943984985,2.055740696960129e-05,0.9997280836105347,0.9997157454490662,0.9274405837059021,0.037560150027275085,0.876807451248169,0.8551939725875854
rural,20,tokenizer_cond,17.06719207763672,0.7592905163764954,16.28804588317871,15.935569763183594,0.24689528346061707,0.0423174723982811,0.19750317931175232,0.18287603557109833,0.999686598777771,2.1177702365093865e-05,0.9996596574783325,0.999648928642273,0.8988692760467529,0.047672729939222336,0.8386349678039551,0.8000601530075073
rural,20,diffusion_no_token,17.08837890625,0.7810189723968506,16.322383880615234,15.959382057189941,0.24712947010993958,0.04251565411686897,0.19733646512031555,0.18385016918182373,0.9996863007545471,2.1066907720523886e-05,0.9996601939201355,0.9996498823165894,0.9040806293487549,0.046928226947784424,0.8465151786804199,0.8205856084823608
rural,20,diffusion_token,23.986427307128906,2.135242223739624,21.399295806884766,20.25224494934082,0.6773228645324707,0.06485582143068314,0.5911672711372375,0.5632176399230957,0.9999268054962158,2.256381412735209e-05,0.9998981952667236,0.9998829364776611,0.650455117225647,0.11597763746976852,0.5115193128585815,0.4837350845336914
highway,0,baseline,16.266883850097656,0.9826960563659668,15.015108108520508,14.656791687011719,0.22292526066303253,0.03515825420618057,0.17931094765663147,0.16809581220149994,0.9997284412384033,2.522624890843872e-05,0.9996944069862366,0.9996817111968994,0.9198089838027954,0.035224348306655884,0.8672966361045837,0.8521015048027039
highway,0,tokenizer_cond,15.96364974975586,0.6462734341621399,15.1519136428833,14.88722038269043,0.19189532101154327,0.03557655215263367,0.14839600026607513,0.13861504197120667,0.9996748566627502,2.4482984372298233e-05,0.999643862247467,0.9996297955513,0.9005756974220276,0.04809489846229553,0.8367795348167419,0.8084394931793213
highway,0,diffusion_no_token,15.965426445007324,0.6536595821380615,15.185964584350586,14.869901657104492,0.19193503260612488,0.03650560602545738,0.14848503470420837,0.13759727776050568,0.9996748566627502,2.4563387341913767e-05,0.9996448159217834,0.9996302127838135,0.8989956974983215,0.05055228993296623,0.8339903950691223,0.8001424670219421
highway,0,diffusion_token,19.909439086914062,1.2259697914123535,18.300729751586914,17.788888931274414,0.5157899260520935,0.060242075473070145,0.4396955370903015,0.41663873195648193,0.9999089241027832,2.5445113351452164e-05,0.9998769164085388,0.9998614192008972,0.6385461688041687,0.10983095318078995,0.49579596519470215,0.47140923142433167
highway,3,baseline,16.99444580078125,0.8242043852806091,15.952881813049316,15.617825508117676,0.24540454149246216,0.038908977061510086,0.197529599070549,0.1859714239835739,0.9997333288192749,2.3603397494298406e-05,0.9997028112411499,0.9996890425682068,0.9238464832305908,0.03839236497879028,0.8716095685958862,0.8523182272911072
highway,3,tokenizer_cond,16.42330551147461,0.6164581179618835,15.6745023727417,15.442392349243164,0.2101401835680008,0.03781048581004143,0.16537544131278992,0.1543581485748291,0.9996791481971741,2.3148046238929965e-05,0.9996500015258789,0.9996374249458313,0.8967640995979309,0.05178214609622955,0.8394643664360046,0.8198184370994568
highway,3,diffusion_no_token,16.41518211364746,0.6214040517807007,15.659629821777344,15.416060447692871,0.20987477898597717,0.03781042993068695,0.16490548849105835,0.15352138876914978,0.9996795654296875,2.33802948059747e-05,0.9996502995491028,0.999636709690094,0.903413712978363,0.04925265535712242,0.8364716172218323,0.8161939978599548
highway,3,diffusion_token,20.968481063842773,1.2040249109268188,19.421533584594727,18.933792114257812,0.548835277557373,0.05780163034796715,0.47394147515296936,0.45234373211860657,0.9999133944511414,2.4175284124794416e-05,0.999882698059082,0.9998685121536255,0.6586735248565674,0.11440703272819519,0.5178412199020386,0.48265066742897034
highway,6,baseline,17.405929565429688,0.7684603929519653,16.505054473876953,16.20384407043457,0.2591858506202698,0.041447460651397705,0.21038641035556793,0.19721479713916779,0.999737024307251,2.2525902750203386e-05,0.9997082948684692,0.999695360660553,0.9274423718452454,0.03794707730412483,0.8718317747116089,0.8566837906837463
highway,6,tokenizer_cond,16.653030395507812,0.6165850162506104,15.941278457641602,15.721291542053223,0.22102117538452148,0.03866708278656006,0.17444613575935364,0.16296999156475067,0.9996808171272278,2.2592574168811552e-05,0.9996525645256042,0.9996405839920044,0.899325966835022,0.05064373463392258,0.8274755477905273,0.8012416362762451
highway,6,diffusion_no_token,16.661523818969727,0.6244510412216187,15.931168556213379,15.706514358520508,0.2212197631597519,0.039237648248672485,0.17493510246276855,0.16237926483154297,0.9996808171272278,2.2405287381843664e-05,0.9996535778045654,0.999640941619873,0.8962284326553345,0.054215818643569946,0.8167494535446167,0.7960205674171448
highway,6,diffusion_token,21.703868865966797,1.2002089023590088,20.149641036987305,19.623502731323242,0.5744031667709351,0.055658187717199326,0.5037664175033569,0.48052892088890076,0.9999160766601562,2.3489716113545e-05,0.9998862743377686,0.9998746514320374,0.6452356576919556,0.11064338684082031,0.5158950686454773,0.4808793365955353
highway,9,baseline,17.622196197509766,0.7491633892059326,16.702407836914062,16.437864303588867,0.26741379499435425,0.042517006397247314,0.2150108367204666,0.20390434563159943,0.9997391700744629,2.233470331702847e-05,0.9997109770774841,0.9996975064277649,0.92319256067276,0.03860970586538315,0.8668376803398132,0.8496848344802856
highway,9,tokenizer_cond,16.798208236694336,0.6031796932220459,16.109262466430664,15.880614280700684,0.22908717393875122,0.039626654237508774,0.18349100649356842,0.17111821472644806,0.999681293964386,2.168498576793354e-05,0.9996539354324341,0.9996424913406372,0.8979772329330444,0.048870548605918884,0.8314712047576904,0.8010656237602234
highway,9,diffusion_no_token,16.785877227783203,0.6078491806983948,16.0891170501709,15.828600883483887,0.22881600260734558,0.03962239623069763,0.18219684064388275,0.1690453141927719,0.9996816515922546,2.1123920305399224e-05,0.9996558427810669,0.9996423125267029,0.904051661491394,0.044671494513750076,0.8392530679702759,0.8151242136955261
highway,9,diffusion_token,22.13329315185547,1.220258116722107,20.519052505493164,20.051340103149414,0.5911430716514587,0.05547722429037094,0.5204042792320251,0.49571526050567627,0.9999176263809204,2.334815144422464e-05,0.9998880624771118,0.9998731017112732,0.6677545309066772,0.11485852301120758,0.5268973708152771,0.4953575134277344
highway,12,baseline,17.74734878540039,0.7394155263900757,16.887310028076172,16.59941291809082,0.27256354689598083,0.043430864810943604,0.22054405510425568,0.2065497487783432,0.9997406005859375,2.158966708520893e-05,0.9997139573097229,0.9997009634971619,0.9290985465049744,0.03862344101071358,0.8853093385696411,0.8729405403137207
highway,12,tokenizer_cond,16.877281188964844,0.6152544021606445,16.168010711669922,15.982524871826172,0.23532642424106598,0.040563903748989105,0.18764492869377136,0.1753019094467163,0.9996817111968994,2.1532321625272743e-05,0.99965500831604,0.9996422529220581,0.9056662917137146,0.044290632009506226,0.8383491635322571,0.8147921562194824
highway,12,diffusion_no_token,16.882917404174805,0.6124027371406555,16.201862335205078,15.969512939453125,0.23475119471549988,0.04021760821342468,0.18700888752937317,0.174129456281662,0.9996817708015442,2.1142050172784366e-05,0.9996552467346191,0.999643087387085,0.9056422710418701,0.048039812594652176,0.83526211977005,0.8062179684638977
highway,12,diffusion_token,22.39205551147461,1.2278262376785278,20.79790496826172,20.29188346862793,0.6029598116874695,0.0554610900580883,0.5324312448501587,0.5076102614402771,0.9999187588691711,2.3192000298877247e-05,0.99988853931427,0.9998760223388672,0.6883164048194885,0.11469969898462296,0.5476958155632019,0.5210627317428589
highway,15,baseline,17.795461654663086,0.7277851104736328,16.95110321044922,16.70737648010254,0.27554965019226074,0.043972477316856384,0.22258029878139496,0.21149921417236328,0.9997411370277405,2.1529649529838935e-05,0.9997141361236572,0.9997022151947021,0.9276917576789856,0.03452532738447189,0.8854022026062012,0.8648372292518616
highway,15,tokenizer_cond,16.93037223815918,0.6077982783317566,16.220497131347656,16.04239845275879,0.23894672095775604,0.04147850349545479,0.18917040526866913,0.17728212475776672,0.9996818900108337,2.109684828610625e-05,0.9996566772460938,0.9996429681777954,0.9035621881484985,0.04536479339003563,0.8433495759963989,0.8090916275978088
highway,15,diffusion_no_token,16.930133819580078,0.6154441833496094,16.240196228027344,16.047693252563477,0.2388603389263153,0.04127019643783569,0.18951357901096344,0.1778174191713333,0.9996817111968994,2.114062044711318e-05,0.9996558427810669,0.9996426105499268,0.9005028605461121,0.04758452996611595,0.8312999606132507,0.8142783045768738
highway,15,diffusion_token,22.550086975097656,1.2134382724761963,21.026290893554688,20.435049057006836,0.610281229019165,0.054767463356256485,0.5412424802780151,0.5138235092163086,0.9999191761016846,2.2522917788592167e-05,0.9998913407325745,0.9998776912689209,0.6801813840866089,0.11736683547496796,0.5338810086250305,0.5157471895217896
highway,18,baseline,17.841829299926758,0.721736490726471,16.97620391845703,16.712337493896484,0.2776091694831848,0.04387584701180458,0.22549769282341003,0.21299844980239868,0.9997419714927673,2.1159081370569766e-05,0.9997153282165527,0.9997038841247559,0.9268370866775513,0.038293372839689255,0.8789925575256348,0.8581200242042542
highway,18,tokenizer_cond,16.953317642211914,0.6347028017044067,16.2315616607666,16.026954650878906,0.24127040803432465,0.042510706931352615,0.19123631715774536,0.1776510775089264,0.999681830406189,2.158525603590533e-05,0.9996554255485535,0.9996423721313477,0.9068467020988464,0.046659622341394424,0.8480428457260132,0.816562294960022
highway,18,diffusion_no_token,16.962156295776367,0.6311329007148743,16.237804412841797,16.023754119873047,0.24129657447338104,0.04226113110780716,0.19008277356624603,0.17762605845928192,0.9996819496154785,2.1253126760711893e-05,0.9996557235717773,0.9996424913406372,0.9050693511962891,0.04508442059159279,0.8449314832687378,0.8158430457115173
highway,18,diffusion_token,22.623313903808594,1.239993691444397,21.075143814086914,20.516645431518555,0.6148490309715271,0.0544586256146431,0.5445604920387268,0.5224720239639282,0.9999196529388428,2.280493026773911e-05,0.9998911023139954,0.9998771548271179,0.6976296305656433,0.11375588178634644,0.559577465057373,0.5157405734062195
highway,20,baseline,17.84515380859375,0.7183290719985962,17.012454986572266,16.738601684570312,0.2782651484012604,0.0443112812936306,0.2255590856075287,0.21210138499736786,0.9997420310974121,2.1135325368959457e-05,0.9997162818908691,0.9997029900550842,0.9267593026161194,0.043333765119314194,0.8797491788864136,0.8540560603141785
highway,20,tokenizer_cond,16.96488380432129,0.6104156374931335,16.26204490661621,16.070392608642578,0.24200285971164703,0.04253939911723137,0.19093774259090424,0.17992858588695526,0.9996815323829651,2.101532300002873e-05,0.9996550679206848,0.9996426701545715,0.9107198715209961,0.04663993418216705,0.8562266230583191,0.8285700082778931
highway,20,diffusion_no_token,16.957231521606445,0.6248013973236084,16.237586975097656,16.077451705932617,0.24170367419719696,0.04237624257802963,0.19140619039535522,0.1781308650970459,0.999681293964386,2.121829311363399e-05,0.9996545314788818,0.9996435642242432,0.9048224091529846,0.04730889946222305,0.8389144539833069,0.8079089522361755
highway,20,diffusion_token,22.617944717407227,1.2467434406280518,21.040857315063477,20.5445613861084,0.6152147650718689,0.054507337510585785,0.5458849668502808,0.5214946269989014,0.9999194145202637,2.2642776457360014e-05,0.9998906254768372,0.9998781681060791,0.6896618008613586,0.1202370747923851,0.5309469103813171,0.49745023250579834
umi,0,baseline,16.917512893676758,1.2260932922363281,15.452845573425293,14.772640228271484,0.2521931827068329,0.03762666881084442,0.20571789145469666,0.19410794973373413,0.9997446537017822,2.441180549794808e-05,0.9997144341468811,0.9996991157531738,0.923244833946228,0.036673612892627716,0.8716822862625122,0.8577747344970703
umi,0,tokenizer_cond,16.449840545654297,0.8742988705635071,15.45770263671875,14.847562789916992,0.2117491364479065,0.037347692996263504,0.16682958602905273,0.15588487684726715,0.9996834993362427,2.4451273930026218e-05,0.9996534585952759,0.9996399283409119,0.8909940719604492,0.055286943912506104,0.8138062357902527,0.7834829092025757
umi,0,diffusion_no_token,16.470008850097656,0.8472481966018677,15.505935668945312,14.939983367919922,0.21219611167907715,0.037308961153030396,0.16752037405967712,0.15726201236248016,0.9996835589408875,2.3917004000395536e-05,0.9996540546417236,0.9996394515037537,0.8998494148254395,0.04766124486923218,0.8350704908370972,0.8062781095504761
umi,0,diffusion_token,21.283000946044922,1.8628934621810913,18.91094398498535,17.66220474243164,0.5826475024223328,0.06808704137802124,0.4929991662502289,0.4661157429218292,0.9999176263809204,2.5532572180964053e-05,0.9998852014541626,0.9998711347579956,0.6256656050682068,0.12143298983573914,0.47574183344841003,0.45669203996658325
umi,3,baseline,17.571269989013672,0.995806872844696,16.433265686035156,15.948723793029785,0.26891273260116577,0.039909202605485916,0.21946296095848083,0.2046806812286377,0.9997484683990479,2.332049552933313e-05,0.9997186660766602,0.9997063875198364,0.9224363565444946,0.03983413055539131,0.8658006191253662,0.8479860424995422
umi,3,tokenizer_cond,16.743322372436523,0.8084468841552734,15.890508651733398,15.479103088378906,0.2227298766374588,0.03864144906401634,0.17725147306919098,0.16571812331676483,0.999686598777771,2.2778216589358635e-05,0.9996578693389893,0.9996474981307983,0.9021984338760376,0.048465028405189514,0.8320807218551636,0.8084341287612915
umi,3,diffusion_no_token,16.727676391601562,0.8183123469352722,15.873705863952637,15.394577026367188,0.2222347855567932,0.038667354732751846,0.17503227293491364,0.16370980441570282,0.999686062335968,2.296311140526086e-05,0.9996572136878967,0.9996429681777954,0.8939910531044006,0.05395223945379257,0.8287922143936157,0.7904232144355774
umi,3,diffusion_token,22.246646881103516,1.8352994918823242,20.17289924621582,19.120174407958984,0.6076570153236389,0.06453783810138702,0.5258496999740601,0.49690157175064087,0.9999211430549622,2.4084316464723088e-05,0.9998897314071655,0.9998767971992493,0.6393374800682068,0.1169874519109726,0.4920365810394287,0.46713361144065857
umi,6,baseline,17.95746612548828,0.9244464635848999,16.959510803222656,16.531208038330078,0.28057438135147095,0.04338223114609718,0.22829434275627136,0.21451336145401,0.999751627445221,2.2114289095043205e-05,0.9997224807739258,0.9997111558914185,0.9253650307655334,0.0381120890378952,0.8766711354255676,0.8457746505737305
umi,6,tokenizer_cond,16.912036895751953,0.7663636207580566,16.137449264526367,15.7865629196167,0.2297375649213791,0.03876219317317009,0.1838068962097168,0.17158138751983643,0.9996879696846008,2.2338317648973316e-05,0.9996602535247803,0.9996474981307983,0.8960049748420715,0.04978466033935547,0.8228761553764343,0.8046688437461853
umi,6,diffusion_no_token,16.918838500976562,0.772348940372467,16.12999153137207,15.77076244354248,0.2301623374223709,0.03924250230193138,0.18276914954185486,0.1706734597682953,0.9996876120567322,2.211200444435235e-05,0.9996601939201355,0.9996453523635864,0.8988857865333557,0.048128288239240646,0.834084689617157,0.8117075562477112
umi,6,diffusion_token,22.99940299987793,1.8176651000976562,20.7512149810791,19.84729766845703,0.6282743215560913,0.06305359303951263,0.5471882820129395,0.5203498005867004,0.9999235272407532,2.3283722839551046e-05,0.9998942017555237,0.9998817443847656,0.6484525203704834,0.10779231786727905,0.5181928277015686,0.47567039728164673
umi,9,baseline,18.18939208984375,0.8771992921829224,17.213876724243164,16.813735961914062,0.2872476875782013,0.044522836804389954,0.23351694643497467,0.21918219327926636,0.9997536540031433,2.0901872630929574e-05,0.9997278451919556,0.9997153282165527,0.9252398014068604,0.04024668410420418,0.8746129870414734,0.8532544374465942
umi,9,tokenizer_cond,17.063156127929688,0.7109511494636536,16.345609664916992,16.0563907623291,0.23614241182804108,0.03950515016913414,0.1891496479511261,0.17767705023288727,0.9996881484985352,2.1998470401740633e-05,0.9996612668037415,0.9996474981307983,0.896721601486206,0.052879028022289276,0.8195818066596985,0.7947689294815063
umi,9,diffusion_no_token,17.060304641723633,0.6947247385978699,16.317611694335938,16.034624099731445,0.2362181395292282,0.0395176000893116,0.18944188952445984,0.17742057144641876,0.9996881484985352,2.1309715521056205e-05,0.9996610879898071,0.9996509552001953,0.8968015313148499,0.05225205793976784,0.8324700593948364,0.7940287590026855
umi,9,diffusion_token,23.781375885009766,1.7157331705093384,21.60879135131836,20.783506393432617,0.6509144902229309,0.06064791604876518,0.5718978643417358,0.5464245676994324,0.9999261498451233,2.2565091057913378e-05,0.9998965263366699,0.9998847842216492,0.6573641300201416,0.11168775707483292,0.5106362104415894,0.4953625798225403
umi,12,baseline,18.337427139282227,0.786263644695282,17.44134521484375,17.136381149291992,0.291598916053772,0.0444718636572361,0.2367752343416214,0.2243843674659729,0.9997549057006836,2.039657556451857e-05,0.9997297525405884,0.9997173547744751,0.9299814701080322,0.032973870635032654,0.8904687166213989,0.8651537895202637
umi,12,tokenizer_cond,17.185422897338867,0.6458029747009277,16.49338150024414,16.27255630493164,0.2424079030752182,0.04014544188976288,0.1947324275970459,0.18150269985198975,0.9996883273124695,2.075490920105949e-05,0.9996622800827026,0.9996508955955505,0.9026467800140381,0.04881690442562103,0.828543484210968,0.8032088279724121
umi,12,diffusion_no_token,17.17120361328125,0.6911219954490662,16.459636688232422,16.201784133911133,0.24222666025161743,0.04046790674328804,0.19451388716697693,0.18038693070411682,0.9996886253356934,2.079925252473913e-05,0.9996635317802429,0.9996525049209595,0.8987808227539062,0.05219618231058121,0.8314977884292603,0.8052731156349182
umi,12,diffusion_token,24.26361846923828,1.7924220561981201,21.95254898071289,21.137279510498047,0.6666188836097717,0.06262696534395218,0.5884069800376892,0.5569503903388977,0.9999271035194397,2.248418786621187e-05,0.9998993873596191,0.9998842477798462,0.6522679924964905,0.11007881164550781,0.5144324898719788,0.48668941855430603
umi,15,baseline,18.407848358154297,0.7831588387489319,17.546894073486328,17.231422424316406,0.2940649688243866,0.044307366013526917,0.24027806520462036,0.22679652273654938,0.9997556805610657,2.0165223759249784e-05,0.99973064661026,0.9997186064720154,0.9271930456161499,0.03310122340917587,0.8891746997833252,0.856463611125946
umi,15,tokenizer_cond,17.257408142089844,0.6457805633544922,16.57206916809082,16.335805892944336,0.2466731071472168,0.04173903167247772,0.19752639532089233,0.18323025107383728,0.9996883273124695,2.0679666704381816e-05,0.9996628761291504,0.9996511936187744,0.9049943089485168,0.04689336195588112,0.8426360487937927,0.8145166039466858
umi,15,diffusion_no_token,17.259824752807617,0.6458876132965088,16.567047119140625,16.345985412597656,0.24686014652252197,0.041347965598106384,0.19704033434391022,0.18468967080116272,0.9996882677078247,2.0468971342779696e-05,0.9996638894081116,0.9996518492698669,0.9050877094268799,0.04749605432152748,0.8444089293479919,0.8115201592445374
umi,15,diffusion_token,24.70748519897461,1.7008936405181885,22.552593231201172,21.788251876831055,0.6805521249771118,0.062222372740507126,0.6032401919364929,0.5686072707176208,0.9999281764030457,2.2275726223597303e-05,0.9999010562896729,0.9998865127563477,0.6605439782142639,0.11522374302148819,0.515949547290802,0.4926392734050751
umi,18,baseline,18.440906524658203,0.737286388874054,17.625207901000977,17.343172073364258,0.2951405346393585,0.044924020767211914,0.24191443622112274,0.226124107837677,0.9997556805610657,1.9494556909194216e-05,0.9997313022613525,0.9997194409370422,0.9224596619606018,0.03824932873249054,0.8680688142776489,0.847220242023468
umi,18,tokenizer_cond,17.328857421875,0.6039347052574158,16.657264709472656,16.45684814453125,0.2504585385322571,0.04266113042831421,0.20010751485824585,0.18727394938468933,0.9996881484985352,2.0345598386484198e-05,0.9996627569198608,0.9996523857116699,0.9021828770637512,0.05029801279306412,0.8330185413360596,0.8087198138237
umi,18,diffusion_no_token,17.321474075317383,0.6298542022705078,16.60953140258789,16.420555114746094,0.25057747960090637,0.04302021861076355,0.20032399892807007,0.18580737709999084,0.9996886849403381,2.0502991901594214e-05,0.9996639490127563,0.9996514320373535,0.9021511673927307,0.042814336717128754,0.8448405861854553,0.8321691751480103
umi,18,diffusion_token,24.961292266845703,1.6871311664581299,22.812496185302734,22.15005111694336,0.6886692047119141,0.06154243275523186,0.6104096174240112,0.583301842212677,0.9999287724494934,2.2149721189634874e-05,0.9999017119407654,0.9998899102210999,0.6646369695663452,0.1047719419002533,0.5371372103691101,0.5000519752502441
umi,20,baseline,18.453947067260742,0.7086626291275024,17.663394927978516,17.452075958251953,0.2955065965652466,0.04508741945028305,0.24032491445541382,0.22707031667232513,0.9997557997703552,1.9488446923787706e-05,0.9997318983078003,0.9997203946113586,0.9267728328704834,0.038696929812431335,0.8775293231010437,0.8554215431213379
umi,20,tokenizer_cond,17.347858428955078,0.6191117167472839,16.65800666809082,16.448211669921875,0.2520492672920227,0.04301504045724869,0.201385959982872,0.18802140653133392,0.9996885061264038,2.0659599613281898e-05,0.9996626377105713,0.9996516108512878,0.8999231457710266,0.048267610371112823,0.8287206292152405,0.8097714781761169
umi,20,diffusion_no_token,17.352977752685547,0.6155293583869934,16.676286697387695,16.48324966430664,0.2523733377456665,0.043455932289361954,0.20154283940792084,0.18829992413520813,0.9996885061264038,2.0290901375119574e-05,0.9996637105941772,0.9996511340141296,0.9000548124313354,0.05219123139977455,0.8349837064743042,0.7894156575202942
umi,20,diffusion_token,25.093111038208008,1.6740286350250244,22.967466354370117,22.225448608398438,0.6931008696556091,0.06133176013827324,0.6122314929962158,0.5855709910392761,0.9999293088912964,2.1902897060499527e-05,0.999901533126831,0.9998891353607178,0.6604675650596619,0.10997643321752548,0.5183955430984497,0.4943206310272217
uma,0,baseline,16.594213485717773,1.313655138015747,15.091673851013184,14.091011047363281,0.24448193609714508,0.03633175417780876,0.1988825649023056,0.1858290284872055,0.9997432827949524,2.4866050807759166e-05,0.9997110366821289,0.9996976256370544,0.9183990955352783,0.03694113343954086,0.87941974401474,0.8559504151344299
uma,0,tokenizer_cond,16.141475677490234,0.9559945464134216,15.013894081115723,14.394722938537598,0.2053232043981552,0.03520315885543823,0.16229495406150818,0.15153542160987854,0.9996821284294128,2.523559123801533e-05,0.9996505975723267,0.9996351599693298,0.8889853954315186,0.05055846646428108,0.8221562504768372,0.8001483082771301
uma,0,diffusion_no_token,16.113168716430664,0.943895697593689,14.970083236694336,14.27590274810791,0.20520678162574768,0.03588845953345299,0.1617600917816162,0.1519097238779068,0.9996815919876099,2.466900878062006e-05,0.9996510744094849,0.9996379613876343,0.8952359557151794,0.05151332542300224,0.8277817964553833,0.7979132533073425
uma,0,diffusion_token,20.544015884399414,1.9056092500686646,18.117389678955078,16.976778030395508,0.5699899792671204,0.06713750958442688,0.4830794036388397,0.4562767446041107,0.9999160766601562,2.524271076254081e-05,0.9998845458030701,0.9998672008514404,0.6354193687438965,0.12220486253499985,0.485696941614151,0.448445588350296
uma,3,baseline,17.248228073120117,1.103849172592163,15.921287536621094,15.3110933303833,0.2620329260826111,0.03911276161670685,0.21553774178028107,0.20200665295124054,0.9997472167015076,2.3670812879572622e-05,0.999717652797699,0.9997027516365051,0.9195201992988586,0.04130830615758896,0.8703863620758057,0.8473464250564575
uma,3,tokenizer_cond,16.464502334594727,0.9010922312736511,15.43967342376709,14.788349151611328,0.2169463336467743,0.03712835535407066,0.17225968837738037,0.16188935935497284,0.9996852278709412,2.3468397557735443e-05,0.9996551871299744,0.9996435046195984,0.8991591930389404,0.051324933767318726,0.8379119634628296,0.8006206154823303
uma,3,diffusion_no_token,16.472909927368164,0.864811360836029,15.498122215270996,14.969629287719727,0.21691615879535675,0.03706236928701401,0.17025595903396606,0.1590084433555603,0.9996852278709412,2.3284834242076613e-05,0.9996566772460938,0.9996427297592163,0.8948513865470886,0.05057542771100998,0.8310112357139587,0.8020284175872803
uma,3,diffusion_token,21.46914291381836,1.982830286026001,18.940187454223633,17.695592880249023,0.5972895622253418,0.06525343656539917,0.5113168954849243,0.48675477504730225,0.9999194741249084,2.4322864192072302e-05,0.9998886585235596,0.9998732209205627,0.636915385723114,0.11145664751529694,0.5105710029602051,0.4807088375091553
uma,6,baseline,17.678829193115234,0.9966497421264648,16.5847225189209,16.08408546447754,0.2746434807777405,0.04124051332473755,0.22401826083660126,0.21035730838775635,0.9997506737709045,2.2307376639219e-05,0.9997222423553467,0.9997096061706543,0.9236275553703308,0.03924357891082764,0.8676961660385132,0.847091794013977
uma,6,tokenizer_cond,16.68068504333496,0.8512335419654846,15.802850723266602,15.237994194030762,0.2247784584760666,0.038702480494976044,0.17910034954547882,0.16692779958248138,0.9996869564056396,2.2071901184972376e-05,0.9996602535247803,0.999645471572876,0.8966000080108643,0.04731973633170128,0.8363614678382874,0.8055554032325745
uma,6,diffusion_no_token,16.68065643310547,0.870297372341156,15.75593090057373,15.253105163574219,0.2251734584569931,0.037830665707588196,0.17968206107616425,0.16885370016098022,0.9996869564056396,2.2706428353558294e-05,0.9996578693389893,0.9996456503868103,0.8960342407226562,0.05094186216592789,0.8293396830558777,0.8016812801361084
uma,6,diffusion_token,22.31874656677246,1.9594757556915283,19.862333297729492,18.660907745361328,0.6171028017997742,0.06521700322628021,0.5265053510665894,0.50351482629776,0.9999220967292786,2.4149068849510513e-05,0.9998921751976013,0.9998775720596313,0.6448323726654053,0.1119282990694046,0.49853822588920593,0.473162442445755
uma,9,baseline,18.008777618408203,0.9119284749031067,16.976173400878906,16.571163177490234,0.28307586908340454,0.0426926463842392,0.2311687469482422,0.2177712768316269,0.9997529983520508,2.1642430510837585e-05,0.9997255802154541,0.9997141361236572,0.9225863218307495,0.04288848489522934,0.8690258860588074,0.8335080742835999
uma,9,tokenizer_cond,16.868520736694336,0.80793297290802,16.0368709564209,15.601265907287598,0.23196527361869812,0.03874807804822922,0.18608005344867706,0.17512314021587372,0.9996875524520874,2.143918209185358e-05,0.9996602535247803,0.999647855758667,0.8992878794670105,0.04955398663878441,0.8325826525688171,0.807195782661438
uma,9,diffusion_no_token,16.87799072265625,0.7767149209976196,16.052310943603516,15.71054744720459,0.23214860260486603,0.038902927190065384,0.1863151490688324,0.1748998910188675,0.9996878504753113,2.1480362192960456e-05,0.9996614456176758,0.9996501207351685,0.8973489999771118,0.04918057844042778,0.831196129322052,0.7977375388145447
uma,9,diffusion_token,23.07033920288086,1.9825955629348755,20.675189971923828,19.604047775268555,0.6384978294372559,0.06532829254865646,0.5549122095108032,0.5253458023071289,0.9999244809150696,2.3169652195065282e-05,0.9998952746391296,0.9998794198036194,0.6428312659263611,0.11240853369235992,0.5115615725517273,0.4748377799987793
uma,12,baseline,18.200336456298828,0.8442791104316711,17.26870346069336,16.924087524414062,0.2882149815559387,0.0439712330698967,0.23601719737052917,0.2199145257472992,0.9997543096542358,2.0772713469341397e-05,0.9997285008430481,0.9997168183326721,0.9232315421104431,0.0393734835088253,0.871464192867279,0.8513332009315491
uma,12,tokenizer_cond,17.050241470336914,0.7107618451118469,16.35593605041504,16.03585433959961,0.23830850422382355,0.03932533040642738,0.190176323056221,0.17986834049224854,0.999687671661377,2.1456331523950212e-05,0.999661386013031,0.9996492862701416,0.9057397842407227,0.04660743847489357,0.8393072485923767,0.8269019722938538
uma,12,diffusion_no_token,17.02750015258789,0.7467182874679565,16.280555725097656,15.922273635864258,0.23832668364048004,0.0394260548055172,0.19180582463741302,0.17857247591018677,0.9996877908706665,2.129280437657144e-05,0.9996615052223206,0.999648928642273,0.897206723690033,0.05060248449444771,0.8315830230712891,0.7929675579071045
uma,12,diffusion_token,23.724634170532227,1.9071099758148193,21.47119140625,20.409170150756836,0.6566864848136902,0.06273869425058365,0.5768400430679321,0.5491949319839478,0.9999260902404785,2.2578720745514147e-05,0.9998972415924072,0.9998838305473328,0.653523862361908,0.11618364602327347,0.5116813778877258,0.4784165322780609
uma,15,baseline,18.333480834960938,0.7748027443885803,17.468812942504883,17.138532638549805,0.2922942340373993,0.04458339512348175,0.2390645295381546,0.22457429766654968,0.9997555017471313,1.988305666600354e-05,0.9997309446334839,0.9997197985649109,0.9272769093513489,0.03714800998568535,0.8831023573875427,0.8606942296028137
uma,15,tokenizer_cond,17.15825080871582,0.6716060042381287,16.463191986083984,16.177656173706055,0.24384944140911102,0.04075799882411957,0.19476266205310822,0.18260565400123596,0.999687910079956,2.039278479060158e-05,0.9996623992919922,0.9996523857116699,0.9017362594604492,0.043690625578165054,0.8443916440010071,0.8194278478622437
uma,15,diffusion_no_token,17.150964736938477,0.7085173726081848,16.446229934692383,16.190105438232422,0.24422331154346466,0.04142328351736069,0.1963951736688614,0.18302230536937714,0.9996879696846008,2.0949652025592513e-05,0.9996627569198608,0.9996495842933655,0.8966674208641052,0.05643521994352341,0.8236901164054871,0.7839523553848267
uma,15,diffusion_token,24.271934509277344,1.8679227828979492,22.05619239807129,20.964834213256836,0.6734588742256165,0.061851006001234055,0.5936760306358337,0.5634008646011353,0.9999277591705322,2.2328489649225958e-05,0.9998987913131714,0.9998863935470581,0.6558359265327454,0.1180189698934555,0.5043020248413086,0.47299134731292725
uma,18,baseline,18.390535354614258,0.745344877243042,17.549806594848633,17.281103134155273,0.2941836714744568,0.04411792755126953,0.24060387909412384,0.22794359922409058,0.9997556805610657,1.9959530618507415e-05,0.9997307062149048,0.999720573425293,0.9228489995002747,0.039938926696777344,0.8628705739974976,0.8461777567863464
uma,18,tokenizer_cond,17.24494743347168,0.6496143341064453,16.55301856994629,16.31401252746582,0.24816647171974182,0.04231724888086319,0.1983543038368225,0.1861354410648346,0.9996883869171143,2.0492900148383342e-05,0.9996629953384399,0.999652087688446,0.9034299254417419,0.04891784116625786,0.8472263216972351,0.8186720013618469
uma,18,diffusion_no_token,17.240497589111328,0.6553281545639038,16.566761016845703,16.312496185302734,0.24809791147708893,0.04163942486047745,0.1982821375131607,0.18630042672157288,0.9996880292892456,2.0655068510677665e-05,0.9996621012687683,0.9996518492698669,0.8985165357589722,0.049573253840208054,0.831035315990448,0.809011697769165
uma,18,diffusion_token,24.64668083190918,1.7938945293426514,22.402381896972656,21.624549865722656,0.6821267008781433,0.0618092305958271,0.603626012802124,0.573143482208252,0.9999282956123352,2.1982765247230418e-05,0.9999003410339355,0.999887228012085,0.6679489016532898,0.11470120400190353,0.5322905778884888,0.49339038133621216
uma,20,baseline,18.405681610107422,0.7204209566116333,17.607425689697266,17.36892318725586,0.29439759254455566,0.044452354311943054,0.2418675720691681,0.2283671647310257,0.9997556805610657,1.966416857612785e-05,0.9997309446334839,0.9997199177742004,0.9263477325439453,0.03852241858839989,0.8742013573646545,0.8567804098129272
uma,20,tokenizer_cond,17.275386810302734,0.6580938100814819,16.590293884277344,16.36812400817871,0.2501535713672638,0.04273073002696037,0.2008017748594284,0.18702980875968933,0.9996879696846008,2.0901554307783954e-05,0.9996620416641235,0.9996510744094849,0.9010835289955139,0.05397510156035423,0.8275090456008911,0.7932191491127014
uma,20,diffusion_no_token,17.294071197509766,0.6147118806838989,16.596559524536133,16.381256103515625,0.25034523010253906,0.04194273427128792,0.19982482492923737,0.18675103783607483,0.9996883273124695,2.0378503904794343e-05,0.9996634721755981,0.9996505975723267,0.9076023697853088,0.044660963118076324,0.8497380614280701,0.8205151557922363
uma,20,diffusion_token,24.818357467651367,1.7017658948898315,22.622196197509766,21.879596710205078,0.6878588795661926,0.06090392544865608,0.6089051365852356,0.5800607204437256,0.9999284148216248,2.1750216546934098e-05,0.9999002814292908,0.9998871088027954,0.6579928398132324,0.11686590313911438,0.509722888469696,0.46696847677230835
